name,category,state,district,description,lat,lng,image_url,tag,ai_description
Etikoppaka Toys,Handicraft,Andhra Pradesh,Anakapalli,"Geographical Indication (GI) registered traditional handicraft of Andhra Pradesh, officially recognised under India's GI Registry (ipindia.gov.in).",17.5833,82.75,,GI + ODOP,
Channapatna Toys And Dolls,Handicraft,Karnataka,Ramanagara,"Geographical Indication (GI) registered traditional handicraft of Karnataka, officially recognised under India's GI Registry (ipindia.gov.in).",12.6514,77.2065,,GI + ODOP,
Orissa Pattachitra,Handicraft,Odisha,Puri,"Geographical Indication (GI) registered traditional handicraft of Odisha, officially recognised under India's GI Registry (ipindia.gov.in).",20.2961,85.8245,,GI + ODOP,
Lucknow Chikan Craft,Handicraft,Uttar Pradesh,Lucknow,"Geographical Indication (GI) registered traditional handicraft of Uttar Pradesh, officially recognised under India's GI Registry (ipindia.gov.in).",26.8467,80.9462,,GI + ODOP,
Mainpuri Tarkashi,Handicraft,Uttar Pradesh,Mainpuri,"Geographical Indication (GI) registered traditional handicraft of Uttar Pradesh, officially recognised under India's GI Registry (ipindia.gov.in).",27.2333,79.0167,,GI + ODOP,
Thanjavur Art Plate,Handicraft,Tamil Nadu,Thanjavur,"Geographical Indication (GI) registered traditional handicraft of Tamil Nadu, officially recognised under India's GI Registry (ipindia.gov.in).",10.787,79.1378,,GI + ODOP,
Kondapalli Bommalu,Handicraft,Andhra Pradesh,NTR (Vijaywada),"Geographical Indication (GI) registered traditional handicraft of Andhra Pradesh, officially recognised under India's GI Registry (ipindia.gov.in).",16.6167,80.5333,,GI + ODOP,
Nicobari Canoe - Hodi Craft of Andaman & Nicobar,Handicraft,Andaman and Nicobar Islands,,"Geographical Indication (GI) registered traditional handicraft of Andaman and Nicobar Islands, officially recognised under India's GI Registry (ipindia.gov.in).",11.6234,92.7265,,GI,
Nicobari Mat (Chatrai / Hileuoi) of Andaman & Nicobar,Handicraft,Andaman and Nicobar Islands,,"Geographical Indication (GI) registered traditional handicraft of Andaman and Nicobar Islands, officially recognised under India's GI Registry (ipindia.gov.in).",11.6234,92.7265,,GI,
Padauk Wood Craft of Andaman & Nicobar,Handicraft,Andaman and Nicobar Islands,,"Geographical Indication (GI) registered traditional handicraft of Andaman and Nicobar Islands, officially recognised under India's GI Registry (ipindia.gov.in).",11.6234,92.7265,,GI,
Nicobari Hut of Andaman & Nicobar,Handicraft,Andaman and Nicobar Islands,,"Geographical Indication (GI) registered traditional handicraft of Andaman and Nicobar Islands, officially recognised under India's GI Registry (ipindia.gov.in).",11.6234,92.7265,,GI,
Srikalahasthi Kalamkari,Handicraft,Andhra Pradesh,,"Geographical Indication (GI) registered traditional handicraft of Andhra Pradesh, officially recognised under India's GI Registry (ipindia.gov.in).",13.75,79.7,,GI,
Budithi Bell & Brass Metal Craft,Handicraft,Andhra Pradesh,,"Geographical Indication (GI) registered traditional handicraft of Andhra Pradesh, officially recognised under India's GI Registry (ipindia.gov.in).",18.5333,83.9,,GI,
Machilipatnam Kalamkari,Handicraft,Andhra Pradesh,,"Geographical Indication (GI) registered traditional handicraft of Andhra Pradesh, officially recognised under India's GI Registry (ipindia.gov.in).",16.1875,81.1389,,GI,
Andhra Pradesh Leather Puppetry,Handicraft,Andhra Pradesh,,"Geographical Indication (GI) registered traditional handicraft of Andhra Pradesh, officially recognised under India's GI Registry (ipindia.gov.in).",16.5062,80.648,,GI,
Uppada Jamdani Sarees,Handicraft,Andhra Pradesh,,"Geographical Indication (GI) registered traditional handicraft of Andhra Pradesh, officially recognised under India's GI Registry (ipindia.gov.in).",16.9333,82.3333,,GI,
Venkatagiri Sarees,Handicraft,Andhra Pradesh,,"Geographical Indication (GI) registered traditional handicraft of Andhra Pradesh, officially recognised under India's GI Registry (ipindia.gov.in).",13.9667,79.5833,,GI,
Mangalagiri Sarees And Fabrics,Handicraft,Andhra Pradesh,,"Geographical Indication (GI) registered traditional handicraft of Andhra Pradesh, officially recognised under India's GI Registry (ipindia.gov.in).",16.4333,80.55,,GI,
Bobbili Veena,Handicraft,Andhra Pradesh,,"Geographical Indication (GI) registered traditional handicraft of Andhra Pradesh, officially recognised under India's GI Registry (ipindia.gov.in).",18.5667,83.3667,,GI,
Dharmavaram Handloom Pattu Sarees And Paavadas,Handicraft,Andhra Pradesh,,"Geographical Indication (GI) registered traditional handicraft of Andhra Pradesh, officially recognised under India's GI Registry (ipindia.gov.in).",14.4144,77.7181,,GI,
Durgi Stone Carvings,Handicraft,Andhra Pradesh,,"Geographical Indication (GI) registered traditional handicraft of Andhra Pradesh, officially recognised under India's GI Registry (ipindia.gov.in).",16.4333,79.5667,,GI,
Udayagiri Wooden Cutlery,Handicraft,Andhra Pradesh,,"Geographical Indication (GI) registered traditional handicraft of Andhra Pradesh, officially recognised under India's GI Registry (ipindia.gov.in).",14.8667,79.3167,,GI,
Allagadda Stone Carving,Handicraft,Andhra Pradesh,,"Geographical Indication (GI) registered traditional handicraft of Andhra Pradesh, officially recognised under India's GI Registry (ipindia.gov.in).",15.15,78.5,,GI,
Narasapur Crochet Lace Products,Handicraft,Andhra Pradesh,,"Geographical Indication (GI) registered traditional handicraft of Andhra Pradesh, officially recognised under India's GI Registry (ipindia.gov.in).",16.4333,81.7,,GI,
Ponduru Khadi,Handicraft,Andhra Pradesh,,"Geographical Indication (GI) registered traditional handicraft of Andhra Pradesh, officially recognised under India's GI Registry (ipindia.gov.in).",18.2,83.7833,,GI,
Idu Mishmi Textiles,Handicraft,Arunachal Pradesh,,"Geographical Indication (GI) registered traditional handicraft of Arunachal Pradesh, officially recognised under India's GI Registry (ipindia.gov.in).",27.0844,93.6053,,GI,
Arunachal Pradesh Tangsa Textile Product,Handicraft,Arunachal Pradesh,,"Geographical Indication (GI) registered traditional handicraft of Arunachal Pradesh, officially recognised under India's GI Registry (ipindia.gov.in).",27.0844,93.6053,,GI,
Arunachal Pradesh Handmade Carpet,Handicraft,Arunachal Pradesh,,"Geographical Indication (GI) registered traditional handicraft of Arunachal Pradesh, officially recognised under India's GI Registry (ipindia.gov.in).",27.0844,93.6053,,GI,
Arunachal Pradesh Wancho Wooden Craft,Handicraft,Arunachal Pradesh,,"Geographical Indication (GI) registered traditional handicraft of Arunachal Pradesh, officially recognised under India's GI Registry (ipindia.gov.in).",27.0844,93.6053,,GI,
Arunachal Pradesh Apatani Textile,Handicraft,Arunachal Pradesh,,"Geographical Indication (GI) registered traditional handicraft of Arunachal Pradesh, officially recognised under India's GI Registry (ipindia.gov.in).",23.85,72.1167,,GI,
Arunachal Pradesh Monpa Textile,Handicraft,Arunachal Pradesh,,"Geographical Indication (GI) registered traditional handicraft of Arunachal Pradesh, officially recognised under India's GI Registry (ipindia.gov.in).",27.0844,93.6053,,GI,
Arunachal Pradesh Nyishi Textile,Handicraft,Arunachal Pradesh,,"Geographical Indication (GI) registered traditional handicraft of Arunachal Pradesh, officially recognised under India's GI Registry (ipindia.gov.in).",27.0844,93.6053,,GI,
Arunachal Pradesh Monpa Handmade Paper,Handicraft,Arunachal Pradesh,,"Geographical Indication (GI) registered traditional handicraft of Arunachal Pradesh, officially recognised under India's GI Registry (ipindia.gov.in).",27.0844,93.6053,,GI,
Arunachal Pradesh Adi Textile,Handicraft,Arunachal Pradesh,,"Geographical Indication (GI) registered traditional handicraft of Arunachal Pradesh, officially recognised under India's GI Registry (ipindia.gov.in).",27.0844,93.6053,,GI,
Arunachal Pradesh Galo Textile,Handicraft,Arunachal Pradesh,,"Geographical Indication (GI) registered traditional handicraft of Arunachal Pradesh, officially recognised under India's GI Registry (ipindia.gov.in).",27.0844,93.6053,,GI,
Arunachal Pradesh Tai Khamti Textile,Handicraft,Arunachal Pradesh,,"Geographical Indication (GI) registered traditional handicraft of Arunachal Pradesh, officially recognised under India's GI Registry (ipindia.gov.in).",27.0844,93.6053,,GI,
Muga Silk of Assam,Handicraft,Assam,,"Geographical Indication (GI) registered traditional handicraft of Assam, officially recognised under India's GI Registry (ipindia.gov.in).",26.1445,91.7362,,GI,
Gamosa of Assam,Handicraft,Assam,,"Geographical Indication (GI) registered traditional handicraft of Assam, officially recognised under India's GI Registry (ipindia.gov.in).",26.1445,91.7362,,GI,
Majuli Mask of Assam,Handicraft,Assam,,"Geographical Indication (GI) registered traditional handicraft of Assam, officially recognised under India's GI Registry (ipindia.gov.in).",26.95,94.1833,,GI,
Assam Majuli Manuscript Painting,Handicraft,Assam,,"Geographical Indication (GI) registered traditional handicraft of Assam, officially recognised under India's GI Registry (ipindia.gov.in).",26.95,94.1833,,GI,
Bodo Aronai,Handicraft,Assam,,"Geographical Indication (GI) registered traditional handicraft of Assam, officially recognised under India's GI Registry (ipindia.gov.in).",26.1445,91.7362,,GI,
Bodo Dokhona,Handicraft,Assam,,"Geographical Indication (GI) registered traditional handicraft of Assam, officially recognised under India's GI Registry (ipindia.gov.in).",26.1445,91.7362,,GI,
Bodo Eri Silk,Handicraft,Assam,,"Geographical Indication (GI) registered traditional handicraft of Assam, officially recognised under India's GI Registry (ipindia.gov.in).",26.1445,91.7362,,GI,
Bodo Jwmgra,Handicraft,Assam,,"Geographical Indication (GI) registered traditional handicraft of Assam, officially recognised under India's GI Registry (ipindia.gov.in).",26.1445,91.7362,,GI,
Bodo Gamsa,Handicraft,Assam,,"Geographical Indication (GI) registered traditional handicraft of Assam, officially recognised under India's GI Registry (ipindia.gov.in).",26.1445,91.7362,,GI,
Bodo Thorkha,Handicraft,Assam,,"Geographical Indication (GI) registered traditional handicraft of Assam, officially recognised under India's GI Registry (ipindia.gov.in).",26.1445,91.7362,,GI,
Bodo Kham,Handicraft,Assam,,"Geographical Indication (GI) registered traditional handicraft of Assam, officially recognised under India's GI Registry (ipindia.gov.in).",26.1445,91.7362,,GI,
Bodo Serja,Handicraft,Assam,,"Geographical Indication (GI) registered traditional handicraft of Assam, officially recognised under India's GI Registry (ipindia.gov.in).",26.1445,91.7362,,GI,
Bodo Sifung,Handicraft,Assam,,"Geographical Indication (GI) registered traditional handicraft of Assam, officially recognised under India's GI Registry (ipindia.gov.in).",26.1445,91.7362,,GI,
Bodo Gongona,Handicraft,Assam,,"Geographical Indication (GI) registered traditional handicraft of Assam, officially recognised under India's GI Registry (ipindia.gov.in).",26.1445,91.7362,,GI,
Bodo Jotha,Handicraft,Assam,,"Geographical Indication (GI) registered traditional handicraft of Assam, officially recognised under India's GI Registry (ipindia.gov.in).",26.1445,91.7362,,GI,
Assam Jaapi,Handicraft,Assam,,"Geographical Indication (GI) registered traditional handicraft of Assam, officially recognised under India's GI Registry (ipindia.gov.in).",26.1445,91.7362,,GI,
Assam Asharikandi Terracotta Craft,Handicraft,Assam,,"Geographical Indication (GI) registered traditional handicraft of Assam, officially recognised under India's GI Registry (ipindia.gov.in).",26.1445,91.7362,,GI,
Assam Bihu Dhol,Handicraft,Assam,,"Geographical Indication (GI) registered traditional handicraft of Assam, officially recognised under India's GI Registry (ipindia.gov.in).",26.1445,91.7362,,GI,
Assam Pani Meteka Craft,Handicraft,Assam,,"Geographical Indication (GI) registered traditional handicraft of Assam, officially recognised under India's GI Registry (ipindia.gov.in).",26.1445,91.7362,,GI,
Sarthebari Metal Craft,Handicraft,Assam,,"Geographical Indication (GI) registered traditional handicraft of Assam, officially recognised under India's GI Registry (ipindia.gov.in).",26.4333,91.2833,,GI,
Axomiya Gohona Assamese Jewellery,Handicraft,Assam,,"Geographical Indication (GI) registered traditional handicraft of Assam, officially recognised under India's GI Registry (ipindia.gov.in).",26.1445,91.7362,,GI,
Applique Khatwa Work of Bihar,Handicraft,Bihar,,"Geographical Indication (GI) registered traditional handicraft of Bihar, officially recognised under India's GI Registry (ipindia.gov.in).",25.5941,85.1376,,GI,
Sujini Embroidery Work of Bihar,Handicraft,Bihar,,"Geographical Indication (GI) registered traditional handicraft of Bihar, officially recognised under India's GI Registry (ipindia.gov.in).",25.5941,85.1376,,GI,
Sikki Grass Products of Bihar,Handicraft,Bihar,,"Geographical Indication (GI) registered traditional handicraft of Bihar, officially recognised under India's GI Registry (ipindia.gov.in).",25.5941,85.1376,,GI,
Bhagalpur Silk,Handicraft,Bihar,,"Geographical Indication (GI) registered traditional handicraft of Bihar, officially recognised under India's GI Registry (ipindia.gov.in).",25.2425,86.9842,,GI,
Manjusha Art,Handicraft,Bihar,,"Geographical Indication (GI) registered traditional handicraft of Bihar, officially recognised under India's GI Registry (ipindia.gov.in).",25.5941,85.1376,,GI,
Bastar Iron Craft,Handicraft,Chhattisgarh,,"Geographical Indication (GI) registered traditional handicraft of Chhattisgarh, officially recognised under India's GI Registry (ipindia.gov.in).",19.1071,81.9541,,GI,
Bastar Dhokra,Handicraft,Chhattisgarh,,"Geographical Indication (GI) registered traditional handicraft of Chhattisgarh, officially recognised under India's GI Registry (ipindia.gov.in).",19.1071,81.9541,,GI,
Bastar Wooden Craft,Handicraft,Chhattisgarh,,"Geographical Indication (GI) registered traditional handicraft of Chhattisgarh, officially recognised under India's GI Registry (ipindia.gov.in).",19.1071,81.9541,,GI,
Champa Silk Saree And Fabrics,Handicraft,Chhattisgarh,,"Geographical Indication (GI) registered traditional handicraft of Chhattisgarh, officially recognised under India's GI Registry (ipindia.gov.in).",21.9667,82.65,,GI,
Sankheda Furniture,Handicraft,Gujarat,,"Geographical Indication (GI) registered traditional handicraft of Gujarat, officially recognised under India's GI Registry (ipindia.gov.in).",22.15,73.5833,,GI,
Agates of Cambay,Handicraft,Gujarat,,"Geographical Indication (GI) registered traditional handicraft of Gujarat, officially recognised under India's GI Registry (ipindia.gov.in).",22.3,72.6167,,GI,
Tangaliya Shawl,Handicraft,Gujarat,,"Geographical Indication (GI) registered traditional handicraft of Gujarat, officially recognised under India's GI Registry (ipindia.gov.in).",23.0225,72.5714,,GI,
Surat Zari Craft,Handicraft,Gujarat,,"Geographical Indication (GI) registered traditional handicraft of Gujarat, officially recognised under India's GI Registry (ipindia.gov.in).",21.1702,72.8311,,GI,
Kachchh Shawls,Handicraft,Gujarat,,"Geographical Indication (GI) registered traditional handicraft of Gujarat, officially recognised under India's GI Registry (ipindia.gov.in).",23.0225,72.5714,,GI,
Jamnagari Bandhani,Handicraft,Gujarat,,"Geographical Indication (GI) registered traditional handicraft of Gujarat, officially recognised under India's GI Registry (ipindia.gov.in).",22.4707,70.0577,,GI,
RajKot Patola,Handicraft,Gujarat,,"Geographical Indication (GI) registered traditional handicraft of Gujarat, officially recognised under India's GI Registry (ipindia.gov.in).",22.3039,70.8022,,GI,
Pethapur Printing Blocks,Handicraft,Gujarat,,"Geographical Indication (GI) registered traditional handicraft of Gujarat, officially recognised under India's GI Registry (ipindia.gov.in).",23.25,72.6167,,GI,
Pithora,Handicraft,Gujarat,,"Geographical Indication (GI) registered traditional handicraft of Gujarat, officially recognised under India's GI Registry (ipindia.gov.in).",23.0225,72.5714,,GI,
Mata ni Pachhedi,Handicraft,Gujarat,,"Geographical Indication (GI) registered traditional handicraft of Gujarat, officially recognised under India's GI Registry (ipindia.gov.in).",23.0225,72.5714,,GI,
Kutch Rogan Craft,Handicraft,Gujarat,,"Geographical Indication (GI) registered traditional handicraft of Gujarat, officially recognised under India's GI Registry (ipindia.gov.in).",23.7333,69.8597,,GI,
Kutch Bandhani,Handicraft,Gujarat,,"Geographical Indication (GI) registered traditional handicraft of Gujarat, officially recognised under India's GI Registry (ipindia.gov.in).",23.7333,69.8597,,GI,
Gharchola Craft of Gujarat,Handicraft,Gujarat,,"Geographical Indication (GI) registered traditional handicraft of Gujarat, officially recognised under India's GI Registry (ipindia.gov.in).",23.0225,72.5714,,GI,
Gujarat Suf Embroidery,Handicraft,Gujarat,,"Geographical Indication (GI) registered traditional handicraft of Gujarat, officially recognised under India's GI Registry (ipindia.gov.in).",23.0225,72.5714,,GI,
Ahmedabad Sodagari Block Print,Handicraft,Gujarat,,"Geographical Indication (GI) registered traditional handicraft of Gujarat, officially recognised under India's GI Registry (ipindia.gov.in).",23.0225,72.5714,,GI,
Surat Sadeli Craft,Handicraft,Gujarat,,"Geographical Indication (GI) registered traditional handicraft of Gujarat, officially recognised under India's GI Registry (ipindia.gov.in).",21.1702,72.8311,,GI,
Bharuch Sujani Weaving,Handicraft,Gujarat,,"Geographical Indication (GI) registered traditional handicraft of Gujarat, officially recognised under India's GI Registry (ipindia.gov.in).",21.7051,72.9959,,GI,
Kutch Ajrakh,Handicraft,Gujarat,,"Geographical Indication (GI) registered traditional handicraft of Gujarat, officially recognised under India's GI Registry (ipindia.gov.in).",23.7333,69.8597,,GI,
Kullu Shawl,Handicraft,Himachal Pradesh,,"Geographical Indication (GI) registered traditional handicraft of Himachal Pradesh, officially recognised under India's GI Registry (ipindia.gov.in).",31.9578,77.1095,,GI,
Chamba Rumal,Handicraft,Himachal Pradesh,,"Geographical Indication (GI) registered traditional handicraft of Himachal Pradesh, officially recognised under India's GI Registry (ipindia.gov.in).",32.556,76.131,,GI,
Kinnauri Shawl,Handicraft,Himachal Pradesh,,"Geographical Indication (GI) registered traditional handicraft of Himachal Pradesh, officially recognised under India's GI Registry (ipindia.gov.in).",31.58,78.44,,GI,
Kangra Paintings,Handicraft,Himachal Pradesh,,"Geographical Indication (GI) registered traditional handicraft of Himachal Pradesh, officially recognised under India's GI Registry (ipindia.gov.in).",32.0998,76.2691,,GI,
Chamba Chappal,Handicraft,Himachal Pradesh,,"Geographical Indication (GI) registered traditional handicraft of Himachal Pradesh, officially recognised under India's GI Registry (ipindia.gov.in).",32.556,76.131,,GI,
Lahauli Knitted Socks & Gloves,Handicraft,Himachal Pradesh,,"Geographical Indication (GI) registered traditional handicraft of Himachal Pradesh, officially recognised under India's GI Registry (ipindia.gov.in).",31.1048,77.1734,,GI,
Kashmir Pashmina,Handicraft,Jammu and Kashmir,,"Geographical Indication (GI) registered traditional handicraft of Jammu and Kashmir, officially recognised under India's GI Registry (ipindia.gov.in).",34.0837,74.7973,,GI,
Kashmir Sozani Craft,Handicraft,Jammu and Kashmir,,"Geographical Indication (GI) registered traditional handicraft of Jammu and Kashmir, officially recognised under India's GI Registry (ipindia.gov.in).",34.0837,74.7973,,GI,
Kashmir Paper Machie,Handicraft,Jammu and Kashmir,,"Geographical Indication (GI) registered traditional handicraft of Jammu and Kashmir, officially recognised under India's GI Registry (ipindia.gov.in).",34.0837,74.7973,,GI,
Kashmir Walnut Wood Carving,Handicraft,Jammu and Kashmir,,"Geographical Indication (GI) registered traditional handicraft of Jammu and Kashmir, officially recognised under India's GI Registry (ipindia.gov.in).",34.0837,74.7973,,GI,
Khatamband,Handicraft,Jammu and Kashmir,,"Geographical Indication (GI) registered traditional handicraft of Jammu and Kashmir, officially recognised under India's GI Registry (ipindia.gov.in).",34.0837,74.7973,,GI,
Kashmiri Hand Knotted Carpet,Handicraft,Jammu and Kashmir,,"Geographical Indication (GI) registered traditional handicraft of Jammu and Kashmir, officially recognised under India's GI Registry (ipindia.gov.in).",34.0837,74.7973,,GI,
Basohli Painting,Handicraft,Jammu and Kashmir,,"Geographical Indication (GI) registered traditional handicraft of Jammu and Kashmir, officially recognised under India's GI Registry (ipindia.gov.in).",34.0837,74.7973,,GI,
Rajouri Chikri Wood Craft,Handicraft,Jammu and Kashmir,,"Geographical Indication (GI) registered traditional handicraft of Jammu and Kashmir, officially recognised under India's GI Registry (ipindia.gov.in).",34.0837,74.7973,,GI,
Basohli Pashmina Woolen Products,Handicraft,Jammu and Kashmir,,"Geographical Indication (GI) registered traditional handicraft of Jammu and Kashmir, officially recognised under India's GI Registry (ipindia.gov.in).",34.0837,74.7973,,GI,
Kashmir Namda,Handicraft,Jammu and Kashmir,,"Geographical Indication (GI) registered traditional handicraft of Jammu and Kashmir, officially recognised under India's GI Registry (ipindia.gov.in).",34.0837,74.7973,,GI,
Kashmir Wagguv,Handicraft,Jammu and Kashmir,,"Geographical Indication (GI) registered traditional handicraft of Jammu and Kashmir, officially recognised under India's GI Registry (ipindia.gov.in).",34.0837,74.7973,,GI,
Shikara,Handicraft,Jammu and Kashmir,,"Geographical Indication (GI) registered traditional handicraft of Jammu and Kashmir, officially recognised under India's GI Registry (ipindia.gov.in).",34.0837,74.7973,,GI,
Gabba,Handicraft,Jammu and Kashmir,,"Geographical Indication (GI) registered traditional handicraft of Jammu and Kashmir, officially recognised under India's GI Registry (ipindia.gov.in).",34.0837,74.7973,,GI,
Kashmir Willow Bat,Handicraft,Jammu and Kashmir,,"Geographical Indication (GI) registered traditional handicraft of Jammu and Kashmir, officially recognised under India's GI Registry (ipindia.gov.in).",34.0837,74.7973,,GI,
Kashmir Chain Stitch,Handicraft,Jammu and Kashmir,,"Geographical Indication (GI) registered traditional handicraft of Jammu and Kashmir, officially recognised under India's GI Registry (ipindia.gov.in).",34.0837,74.7973,,GI,
Kashmir Crewel,Handicraft,Jammu and Kashmir,,"Geographical Indication (GI) registered traditional handicraft of Jammu and Kashmir, officially recognised under India's GI Registry (ipindia.gov.in).",34.0837,74.7973,,GI,
Kashmir Tweed,Handicraft,Jammu and Kashmir,,"Geographical Indication (GI) registered traditional handicraft of Jammu and Kashmir, officially recognised under India's GI Registry (ipindia.gov.in).",34.0837,74.7973,,GI,
Sohrai Khovar Painting,Handicraft,Jharkhand,,"Geographical Indication (GI) registered traditional handicraft of Jharkhand, officially recognised under India's GI Registry (ipindia.gov.in).",23.6693,85.2842,,GI,
Mysore Silk,Handicraft,Karnataka,,"Geographical Indication (GI) registered traditional handicraft of Karnataka, officially recognised under India's GI Registry (ipindia.gov.in).",12.2958,76.6394,,GI,
Mysore Rosewood Inlay,Handicraft,Karnataka,,"Geographical Indication (GI) registered traditional handicraft of Karnataka, officially recognised under India's GI Registry (ipindia.gov.in).",12.2958,76.6394,,GI,
Kasuti Embroidery,Handicraft,Karnataka,,"Geographical Indication (GI) registered traditional handicraft of Karnataka, officially recognised under India's GI Registry (ipindia.gov.in).",15.4589,75.0078,,GI,
Mysore Traditional Paintings,Handicraft,Karnataka,,"Geographical Indication (GI) registered traditional handicraft of Karnataka, officially recognised under India's GI Registry (ipindia.gov.in).",12.2958,76.6394,,GI,
Ganjifa Cards of Mysore,Handicraft,Karnataka,,"Geographical Indication (GI) registered traditional handicraft of Karnataka, officially recognised under India's GI Registry (ipindia.gov.in).",12.2958,76.6394,,GI,
Navalgund Durries,Handicraft,Karnataka,,"Geographical Indication (GI) registered traditional handicraft of Karnataka, officially recognised under India's GI Registry (ipindia.gov.in).",15.5333,75.3667,,GI,
Karnataka Bronzeware,Handicraft,Karnataka,,"Geographical Indication (GI) registered traditional handicraft of Karnataka, officially recognised under India's GI Registry (ipindia.gov.in).",12.9716,77.5946,,GI,
Ilkal Sarees,Handicraft,Karnataka,,"Geographical Indication (GI) registered traditional handicraft of Karnataka, officially recognised under India's GI Registry (ipindia.gov.in).",16.2167,76.1167,,GI,
Molakalmuru Sarees,Handicraft,Karnataka,,"Geographical Indication (GI) registered traditional handicraft of Karnataka, officially recognised under India's GI Registry (ipindia.gov.in).",14.7167,76.7333,,GI,
Sandur Lambani Embroidery,Handicraft,Karnataka,,"Geographical Indication (GI) registered traditional handicraft of Karnataka, officially recognised under India's GI Registry (ipindia.gov.in).",15.0833,76.5333,,GI,
Guledgudd Khana,Handicraft,Karnataka,,"Geographical Indication (GI) registered traditional handicraft of Karnataka, officially recognised under India's GI Registry (ipindia.gov.in).",16.05,75.7833,,GI,
Kinhal Toys,Handicraft,Karnataka,,"Geographical Indication (GI) registered traditional handicraft of Karnataka, officially recognised under India's GI Registry (ipindia.gov.in).",15.45,76.0,,GI,
Udupi Sarees,Handicraft,Karnataka,,"Geographical Indication (GI) registered traditional handicraft of Karnataka, officially recognised under India's GI Registry (ipindia.gov.in).",13.3409,74.7421,,GI,
Patteda Anchu Saree & Fabrics,Handicraft,Karnataka,,"Geographical Indication (GI) registered traditional handicraft of Karnataka, officially recognised under India's GI Registry (ipindia.gov.in).",12.9716,77.5946,,GI,
Aranmula Kannadi Aranmula Metal Mirror,Handicraft,Kerala,,"Geographical Indication (GI) registered traditional handicraft of Kerala, officially recognised under India's GI Registry (ipindia.gov.in).",9.3833,76.5833,,GI,
Payyannur Pavithra Ring,Handicraft,Kerala,,"Geographical Indication (GI) registered traditional handicraft of Kerala, officially recognised under India's GI Registry (ipindia.gov.in).",12.1,75.2,,GI,
Alleppey Coir,Handicraft,Kerala,,"Geographical Indication (GI) registered traditional handicraft of Kerala, officially recognised under India's GI Registry (ipindia.gov.in).",9.4981,76.3388,,GI,
Brass Broidered Coconut Shell Crafts of Kerala,Handicraft,Kerala,,"Geographical Indication (GI) registered traditional handicraft of Kerala, officially recognised under India's GI Registry (ipindia.gov.in).",10.8505,76.2711,,GI,
Screw Pine Craft of Kerala,Handicraft,Kerala,,"Geographical Indication (GI) registered traditional handicraft of Kerala, officially recognised under India's GI Registry (ipindia.gov.in).",10.8505,76.2711,,GI,
Maddalam of Palakkad,Handicraft,Kerala,,"Geographical Indication (GI) registered traditional handicraft of Kerala, officially recognised under India's GI Registry (ipindia.gov.in).",10.7867,76.6548,,GI,
Cannanore Home Furnishings,Handicraft,Kerala,,"Geographical Indication (GI) registered traditional handicraft of Kerala, officially recognised under India's GI Registry (ipindia.gov.in).",11.8745,75.3704,,GI,
Balaramapuram Sarees And Fine Cotton Fabrics,Handicraft,Kerala,,"Geographical Indication (GI) registered traditional handicraft of Kerala, officially recognised under India's GI Registry (ipindia.gov.in).",8.4167,77.0,,GI,
Kasaragod Sarees,Handicraft,Kerala,,"Geographical Indication (GI) registered traditional handicraft of Kerala, officially recognised under India's GI Registry (ipindia.gov.in).",12.4996,74.9869,,GI,
Kuthampully Sarees,Handicraft,Kerala,,"Geographical Indication (GI) registered traditional handicraft of Kerala, officially recognised under India's GI Registry (ipindia.gov.in).",10.6167,76.4167,,GI,
Chendamangalam Dhoties & Set Mundu,Handicraft,Kerala,,"Geographical Indication (GI) registered traditional handicraft of Kerala, officially recognised under India's GI Registry (ipindia.gov.in).",10.1667,76.2,,GI,
Kannadippaya Bamboo Mat,Handicraft,Kerala,,"Geographical Indication (GI) registered traditional handicraft of Kerala, officially recognised under India's GI Registry (ipindia.gov.in).",10.8505,76.2711,,GI,
Pashmina Wool of Ladakh,Handicraft,Ladakh,,"Geographical Indication (GI) registered traditional handicraft of Ladakh, officially recognised under India's GI Registry (ipindia.gov.in).",34.1526,77.5771,,GI,
Ladakh Shingskos Wood Carving,Handicraft,Ladakh,,"Geographical Indication (GI) registered traditional handicraft of Ladakh, officially recognised under India's GI Registry (ipindia.gov.in).",34.1526,77.5771,,GI,
Chanderi Sarees,Handicraft,Madhya Pradesh,,"Geographical Indication (GI) registered traditional handicraft of Madhya Pradesh, officially recognised under India's GI Registry (ipindia.gov.in).",24.7167,78.1333,,GI,
Leather Toys of Indore,Handicraft,Madhya Pradesh,,"Geographical Indication (GI) registered traditional handicraft of Madhya Pradesh, officially recognised under India's GI Registry (ipindia.gov.in).",22.7196,75.8577,,GI,
Bagh Prints of Madhya Pradesh,Handicraft,Madhya Pradesh,,"Geographical Indication (GI) registered traditional handicraft of Madhya Pradesh, officially recognised under India's GI Registry (ipindia.gov.in).",22.3667,74.75,,GI,
Bell Metal Ware of Datia and Tikamgarh,Handicraft,Madhya Pradesh,,"Geographical Indication (GI) registered traditional handicraft of Madhya Pradesh, officially recognised under India's GI Registry (ipindia.gov.in).",25.6667,78.4667,,GI,
Maheshwar Sarees & Fabrics,Handicraft,Madhya Pradesh,,"Geographical Indication (GI) registered traditional handicraft of Madhya Pradesh, officially recognised under India's GI Registry (ipindia.gov.in).",22.1833,75.5833,,GI,
Gond Painting of Madhya Pradesh,Handicraft,Madhya Pradesh,,"Geographical Indication (GI) registered traditional handicraft of Madhya Pradesh, officially recognised under India's GI Registry (ipindia.gov.in).",22.9734,78.6569,,GI,
Wrought Iron Crafts of Dindori,Handicraft,Madhya Pradesh,,"Geographical Indication (GI) registered traditional handicraft of Madhya Pradesh, officially recognised under India's GI Registry (ipindia.gov.in).",22.9417,81.0781,,GI,
Ujjain Batik Print,Handicraft,Madhya Pradesh,,"Geographical Indication (GI) registered traditional handicraft of Madhya Pradesh, officially recognised under India's GI Registry (ipindia.gov.in).",23.1765,75.7885,,GI,
Gwalior Handmade Carpet,Handicraft,Madhya Pradesh,,"Geographical Indication (GI) registered traditional handicraft of Madhya Pradesh, officially recognised under India's GI Registry (ipindia.gov.in).",26.2183,78.1828,,GI,
Waraseoni Handloom Saree & Fabrics,Handicraft,Madhya Pradesh,,"Geographical Indication (GI) registered traditional handicraft of Madhya Pradesh, officially recognised under India's GI Registry (ipindia.gov.in).",21.7667,80.1,,GI,
Jabalpur Stone Craft,Handicraft,Madhya Pradesh,,"Geographical Indication (GI) registered traditional handicraft of Madhya Pradesh, officially recognised under India's GI Registry (ipindia.gov.in).",23.1815,79.9864,,GI,
Chhatarpur Furniture,Handicraft,Madhya Pradesh,,"Geographical Indication (GI) registered traditional handicraft of Madhya Pradesh, officially recognised under India's GI Registry (ipindia.gov.in).",24.9177,79.5941,,GI,
Khajuraho Stone Craft Of Madhya Pradesh,Handicraft,Madhya Pradesh,,"Geographical Indication (GI) registered traditional handicraft of Madhya Pradesh, officially recognised under India's GI Registry (ipindia.gov.in).",24.8318,79.9199,,GI,
Betul Bharewa Metal Craft,Handicraft,Madhya Pradesh,,"Geographical Indication (GI) registered traditional handicraft of Madhya Pradesh, officially recognised under India's GI Registry (ipindia.gov.in).",21.9022,77.8994,,GI,
Gwalior Papier Mache Craft,Handicraft,Madhya Pradesh,,"Geographical Indication (GI) registered traditional handicraft of Madhya Pradesh, officially recognised under India's GI Registry (ipindia.gov.in).",26.2183,78.1828,,GI,
Gwalior Stone Craft,Handicraft,Madhya Pradesh,,"Geographical Indication (GI) registered traditional handicraft of Madhya Pradesh, officially recognised under India's GI Registry (ipindia.gov.in).",26.2183,78.1828,,GI,
Solapur Chaddar,Handicraft,Maharashtra,,"Geographical Indication (GI) registered traditional handicraft of Maharashtra, officially recognised under India's GI Registry (ipindia.gov.in).",17.6599,75.9064,,GI,
Solapur Terry Towel,Handicraft,Maharashtra,,"Geographical Indication (GI) registered traditional handicraft of Maharashtra, officially recognised under India's GI Registry (ipindia.gov.in).",17.6599,75.9064,,GI,
Puneri Pagadi,Handicraft,Maharashtra,,"Geographical Indication (GI) registered traditional handicraft of Maharashtra, officially recognised under India's GI Registry (ipindia.gov.in).",18.5204,73.8567,,GI,
Paithani Sarees And Fabrics,Handicraft,Maharashtra,,"Geographical Indication (GI) registered traditional handicraft of Maharashtra, officially recognised under India's GI Registry (ipindia.gov.in).",19.076,72.8777,,GI,
Sawantwadi Ganjifa Cards,Handicraft,Maharashtra,,"Geographical Indication (GI) registered traditional handicraft of Maharashtra, officially recognised under India's GI Registry (ipindia.gov.in).",15.9,73.8167,,GI,
Karvath Kati Sarees And Fabrics,Handicraft,Maharashtra,,"Geographical Indication (GI) registered traditional handicraft of Maharashtra, officially recognised under India's GI Registry (ipindia.gov.in).",19.076,72.8777,,GI,
Miraj Tanpura,Handicraft,Maharashtra,,"Geographical Indication (GI) registered traditional handicraft of Maharashtra, officially recognised under India's GI Registry (ipindia.gov.in).",16.83,74.64,,GI,
Hupari Silver Craft,Handicraft,Maharashtra,,"Geographical Indication (GI) registered traditional handicraft of Maharashtra, officially recognised under India's GI Registry (ipindia.gov.in).",16.7833,74.45,,GI,
Miraj Sitar,Handicraft,Maharashtra,,"Geographical Indication (GI) registered traditional handicraft of Maharashtra, officially recognised under India's GI Registry (ipindia.gov.in).",16.83,74.64,,GI,
Sawantwadi Wooden Craft,Handicraft,Maharashtra,,"Geographical Indication (GI) registered traditional handicraft of Maharashtra, officially recognised under India's GI Registry (ipindia.gov.in).",15.9,73.8167,,GI,
Pen Ganesh Idol,Handicraft,Maharashtra,,"Geographical Indication (GI) registered traditional handicraft of Maharashtra, officially recognised under India's GI Registry (ipindia.gov.in).",18.7333,73.0833,,GI,
Kavdi Maal of Tuljapur,Handicraft,Maharashtra,,"Geographical Indication (GI) registered traditional handicraft of Maharashtra, officially recognised under India's GI Registry (ipindia.gov.in).",18.0091,76.0672,,GI,
Shaphee Lanphee,Handicraft,Manipur,,"Geographical Indication (GI) registered traditional handicraft of Manipur, officially recognised under India's GI Registry (ipindia.gov.in).",24.817,93.9368,,GI,
Wangkhei Phee,Handicraft,Manipur,,"Geographical Indication (GI) registered traditional handicraft of Manipur, officially recognised under India's GI Registry (ipindia.gov.in).",24.817,93.9368,,GI,
Meghalaya Garo Textile,Handicraft,Meghalaya,,"Geographical Indication (GI) registered traditional handicraft of Meghalaya, officially recognised under India's GI Registry (ipindia.gov.in).",25.5788,91.8933,,GI,
Meghalaya Lyrnai Pottery,Handicraft,Meghalaya,,"Geographical Indication (GI) registered traditional handicraft of Meghalaya, officially recognised under India's GI Registry (ipindia.gov.in).",25.5788,91.8933,,GI,
Meghalaya Ryndia Textile,Handicraft,Meghalaya,,"Geographical Indication (GI) registered traditional handicraft of Meghalaya, officially recognised under India's GI Registry (ipindia.gov.in).",25.5788,91.8933,,GI,
Meghalaya Khasi Handloom Products,Handicraft,Meghalaya,,"Geographical Indication (GI) registered traditional handicraft of Meghalaya, officially recognised under India's GI Registry (ipindia.gov.in).",25.5788,91.8933,,GI,
Tawlhlohpuan,Handicraft,Mizoram,,"Geographical Indication (GI) registered traditional handicraft of Mizoram, officially recognised under India's GI Registry (ipindia.gov.in).",23.7271,92.7176,,GI,
Mizo Puanchei,Handicraft,Mizoram,,"Geographical Indication (GI) registered traditional handicraft of Mizoram, officially recognised under India's GI Registry (ipindia.gov.in).",23.7271,92.7176,,GI,
Pawndum,Handicraft,Mizoram,,"Geographical Indication (GI) registered traditional handicraft of Mizoram, officially recognised under India's GI Registry (ipindia.gov.in).",23.7271,92.7176,,GI,
Ngotekherh,Handicraft,Mizoram,,"Geographical Indication (GI) registered traditional handicraft of Mizoram, officially recognised under India's GI Registry (ipindia.gov.in).",23.7271,92.7176,,GI,
Hmaram,Handicraft,Mizoram,,"Geographical Indication (GI) registered traditional handicraft of Mizoram, officially recognised under India's GI Registry (ipindia.gov.in).",23.7271,92.7176,,GI,
Chakhesang Shawl,Handicraft,Nagaland,,"Geographical Indication (GI) registered traditional handicraft of Nagaland, officially recognised under India's GI Registry (ipindia.gov.in).",25.6751,94.1086,,GI,
Kotpad Handloom Fabric,Handicraft,Odisha,,"Geographical Indication (GI) registered traditional handicraft of Odisha, officially recognised under India's GI Registry (ipindia.gov.in).",19.15,82.3167,,GI,
Orissa Ikat,Handicraft,Odisha,,"Geographical Indication (GI) registered traditional handicraft of Odisha, officially recognised under India's GI Registry (ipindia.gov.in).",20.2961,85.8245,,GI,
Khandua Saree And Fabrics,Handicraft,Odisha,,"Geographical Indication (GI) registered traditional handicraft of Odisha, officially recognised under India's GI Registry (ipindia.gov.in).",20.2961,85.8245,,GI,
Gopalpur Tussar Fabrics,Handicraft,Odisha,,"Geographical Indication (GI) registered traditional handicraft of Odisha, officially recognised under India's GI Registry (ipindia.gov.in).",19.2667,84.9,,GI,
Dhalapathar Parda & Fabrics,Handicraft,Odisha,,"Geographical Indication (GI) registered traditional handicraft of Odisha, officially recognised under India's GI Registry (ipindia.gov.in).",20.2961,85.8245,,GI,
Sambalpuri Bandha Saree & Fabrics,Handicraft,Odisha,,"Geographical Indication (GI) registered traditional handicraft of Odisha, officially recognised under India's GI Registry (ipindia.gov.in).",21.4669,83.9756,,GI,
Bomkai Saree & Fabrics,Handicraft,Odisha,,"Geographical Indication (GI) registered traditional handicraft of Odisha, officially recognised under India's GI Registry (ipindia.gov.in).",20.4667,83.1667,,GI,
Habaspuri Saree & Fabrics,Handicraft,Odisha,,"Geographical Indication (GI) registered traditional handicraft of Odisha, officially recognised under India's GI Registry (ipindia.gov.in).",19.7833,82.7833,,GI,
Berhampur Patta Phoda Kumbha Saree & Joda,Handicraft,Odisha,,"Geographical Indication (GI) registered traditional handicraft of Odisha, officially recognised under India's GI Registry (ipindia.gov.in).",19.3149,84.7941,,GI,
Kapadaganda Dungaria Kondh Embroidery Shawl,Handicraft,Odisha,,"Geographical Indication (GI) registered traditional handicraft of Odisha, officially recognised under India's GI Registry (ipindia.gov.in).",20.2961,85.8245,,GI,
Painting of Lanjia Saura IDITAL Odisha,Handicraft,Odisha,,"Geographical Indication (GI) registered traditional handicraft of Odisha, officially recognised under India's GI Registry (ipindia.gov.in).",20.2961,85.8245,,GI,
Cuttack Rupa Tarakasi Silver Filigree,Handicraft,Odisha,,"Geographical Indication (GI) registered traditional handicraft of Odisha, officially recognised under India's GI Registry (ipindia.gov.in).",20.4625,85.883,,GI,
Blue Pottery of Jaipur,Handicraft,Rajasthan,,"Geographical Indication (GI) registered traditional handicraft of Rajasthan, officially recognised under India's GI Registry (ipindia.gov.in).",26.9124,75.7873,,GI,
Kathputlis of Rajasthan,Handicraft,Rajasthan,,"Geographical Indication (GI) registered traditional handicraft of Rajasthan, officially recognised under India's GI Registry (ipindia.gov.in).",26.9124,75.7873,,GI,
Sanganeri Hand Block Printing,Handicraft,Rajasthan,,"Geographical Indication (GI) registered traditional handicraft of Rajasthan, officially recognised under India's GI Registry (ipindia.gov.in).",26.8167,75.7833,,GI,
Thewa Art Work,Handicraft,Rajasthan,,"Geographical Indication (GI) registered traditional handicraft of Rajasthan, officially recognised under India's GI Registry (ipindia.gov.in).",26.9124,75.7873,,GI,
Pokaran Pottery,Handicraft,Rajasthan,,"Geographical Indication (GI) registered traditional handicraft of Rajasthan, officially recognised under India's GI Registry (ipindia.gov.in).",26.9167,71.9167,,GI,
Nathdwara Pichhwai Painting,Handicraft,Rajasthan,,"Geographical Indication (GI) registered traditional handicraft of Rajasthan, officially recognised under India's GI Registry (ipindia.gov.in).",24.9333,73.8333,,GI,
Udaipur Koftgari Metal Craft,Handicraft,Rajasthan,,"Geographical Indication (GI) registered traditional handicraft of Rajasthan, officially recognised under India's GI Registry (ipindia.gov.in).",24.5854,73.7125,,GI,
Bikaner Kashidakari Craft,Handicraft,Rajasthan,,"Geographical Indication (GI) registered traditional handicraft of Rajasthan, officially recognised under India's GI Registry (ipindia.gov.in).",28.0229,73.3119,,GI,
Jodhpur Bandhej Craft,Handicraft,Rajasthan,,"Geographical Indication (GI) registered traditional handicraft of Rajasthan, officially recognised under India's GI Registry (ipindia.gov.in).",26.2389,73.0243,,GI,
Bikaner Usta Kala Craft,Handicraft,Rajasthan,,"Geographical Indication (GI) registered traditional handicraft of Rajasthan, officially recognised under India's GI Registry (ipindia.gov.in).",28.0229,73.3119,,GI,
Salem Fabric,Handicraft,Tamil Nadu,,"Geographical Indication (GI) registered traditional handicraft of Tamil Nadu, officially recognised under India's GI Registry (ipindia.gov.in).",11.6643,78.146,,GI,
Kancheepuram Silk,Handicraft,Tamil Nadu,,"Geographical Indication (GI) registered traditional handicraft of Tamil Nadu, officially recognised under India's GI Registry (ipindia.gov.in).",12.8342,79.7036,,GI,
Madurai Sungudi,Handicraft,Tamil Nadu,,"Geographical Indication (GI) registered traditional handicraft of Tamil Nadu, officially recognised under India's GI Registry (ipindia.gov.in).",9.9252,78.1198,,GI,
Swamimalai Bronze Icons,Handicraft,Tamil Nadu,,"Geographical Indication (GI) registered traditional handicraft of Tamil Nadu, officially recognised under India's GI Registry (ipindia.gov.in).",11.1667,79.3167,,GI,
Temple Jewellery of Nagercoil,Handicraft,Tamil Nadu,,"Geographical Indication (GI) registered traditional handicraft of Tamil Nadu, officially recognised under India's GI Registry (ipindia.gov.in).",8.178,77.4346,,GI,
Arani Silk,Handicraft,Tamil Nadu,,"Geographical Indication (GI) registered traditional handicraft of Tamil Nadu, officially recognised under India's GI Registry (ipindia.gov.in).",12.6667,79.2833,,GI,
Kovai Kora Cotton Sarees,Handicraft,Tamil Nadu,,"Geographical Indication (GI) registered traditional handicraft of Tamil Nadu, officially recognised under India's GI Registry (ipindia.gov.in).",11.0168,76.9558,,GI,
Salem Silk know as Salem Venpattu,Handicraft,Tamil Nadu,,"Geographical Indication (GI) registered traditional handicraft of Tamil Nadu, officially recognised under India's GI Registry (ipindia.gov.in).",11.6643,78.146,,GI,
Thanjavur Doll,Handicraft,Tamil Nadu,,"Geographical Indication (GI) registered traditional handicraft of Tamil Nadu, officially recognised under India's GI Registry (ipindia.gov.in).",10.787,79.1378,,GI,
Pattamadai Pai Pattamadai Mat,Handicraft,Tamil Nadu,,"Geographical Indication (GI) registered traditional handicraft of Tamil Nadu, officially recognised under India's GI Registry (ipindia.gov.in).",8.7333,77.5667,,GI,
Nachiarkoil Kuthuvilakku Nachiarkoil Lamp,Handicraft,Tamil Nadu,,"Geographical Indication (GI) registered traditional handicraft of Tamil Nadu, officially recognised under India's GI Registry (ipindia.gov.in).",10.9,79.4167,,GI,
Chettinad Kottan,Handicraft,Tamil Nadu,,"Geographical Indication (GI) registered traditional handicraft of Tamil Nadu, officially recognised under India's GI Registry (ipindia.gov.in).",10.1167,78.7167,,GI,
Thanjavur Veenai,Handicraft,Tamil Nadu,,"Geographical Indication (GI) registered traditional handicraft of Tamil Nadu, officially recognised under India's GI Registry (ipindia.gov.in).",10.787,79.1378,,GI,
Kandangi Saree,Handicraft,Tamil Nadu,,"Geographical Indication (GI) registered traditional handicraft of Tamil Nadu, officially recognised under India's GI Registry (ipindia.gov.in).",13.0827,80.2707,,GI,
Thanjavur Netti Works,Handicraft,Tamil Nadu,,"Geographical Indication (GI) registered traditional handicraft of Tamil Nadu, officially recognised under India's GI Registry (ipindia.gov.in).",10.787,79.1378,,GI,
Arumbavur Wood Carvings,Handicraft,Tamil Nadu,,"Geographical Indication (GI) registered traditional handicraft of Tamil Nadu, officially recognised under India's GI Registry (ipindia.gov.in).",11.1167,78.5333,,GI,
Thirubuvanam Silk Sarees,Handicraft,Tamil Nadu,,"Geographical Indication (GI) registered traditional handicraft of Tamil Nadu, officially recognised under India's GI Registry (ipindia.gov.in).",10.9167,79.4833,,GI,
Karuppur Kalamkari Paintings,Handicraft,Tamil Nadu,,"Geographical Indication (GI) registered traditional handicraft of Tamil Nadu, officially recognised under India's GI Registry (ipindia.gov.in).",13.0827,80.2707,,GI,
Kallakurichi Wood Carving,Handicraft,Tamil Nadu,,"Geographical Indication (GI) registered traditional handicraft of Tamil Nadu, officially recognised under India's GI Registry (ipindia.gov.in).",13.0827,80.2707,,GI,
Narasinghapettai Nagaswaram,Handicraft,Tamil Nadu,,"Geographical Indication (GI) registered traditional handicraft of Tamil Nadu, officially recognised under India's GI Registry (ipindia.gov.in).",13.0827,80.2707,,GI,
Dindigul Locks,Handicraft,Tamil Nadu,,"Geographical Indication (GI) registered traditional handicraft of Tamil Nadu, officially recognised under India's GI Registry (ipindia.gov.in).",10.3624,77.9695,,GI,
Myladi Stone Carvings,Handicraft,Tamil Nadu,,"Geographical Indication (GI) registered traditional handicraft of Tamil Nadu, officially recognised under India's GI Registry (ipindia.gov.in).",13.0827,80.2707,,GI,
Manamadurai Pottery,Handicraft,Tamil Nadu,,"Geographical Indication (GI) registered traditional handicraft of Tamil Nadu, officially recognised under India's GI Registry (ipindia.gov.in).",9.9252,78.1198,,GI,
Thaikkal Rattan Craft,Handicraft,Tamil Nadu,,"Geographical Indication (GI) registered traditional handicraft of Tamil Nadu, officially recognised under India's GI Registry (ipindia.gov.in).",13.0827,80.2707,,GI,
Jaderi Namakatti,Handicraft,Tamil Nadu,,"Geographical Indication (GI) registered traditional handicraft of Tamil Nadu, officially recognised under India's GI Registry (ipindia.gov.in).",13.0827,80.2707,,GI,
Negamam Cotton Saree,Handicraft,Tamil Nadu,,"Geographical Indication (GI) registered traditional handicraft of Tamil Nadu, officially recognised under India's GI Registry (ipindia.gov.in).",13.0827,80.2707,,GI,
Chedibutta Saree,Handicraft,Tamil Nadu,,"Geographical Indication (GI) registered traditional handicraft of Tamil Nadu, officially recognised under India's GI Registry (ipindia.gov.in).",13.0827,80.2707,,GI,
Vilachery Clay Toys,Handicraft,Tamil Nadu,,"Geographical Indication (GI) registered traditional handicraft of Tamil Nadu, officially recognised under India's GI Registry (ipindia.gov.in).",9.9,78.1167,,GI,
Thovalai Maanika Maalai,Handicraft,Tamil Nadu,,"Geographical Indication (GI) registered traditional handicraft of Tamil Nadu, officially recognised under India's GI Registry (ipindia.gov.in).",13.0827,80.2707,,GI,
Ambasamudram Choppu Saman Wooden Toys,Handicraft,Tamil Nadu,,"Geographical Indication (GI) registered traditional handicraft of Tamil Nadu, officially recognised under India's GI Registry (ipindia.gov.in).",13.0827,80.2707,,GI,
Woraiyur Cotton Saree,Handicraft,Tamil Nadu,,"Geographical Indication (GI) registered traditional handicraft of Tamil Nadu, officially recognised under India's GI Registry (ipindia.gov.in).",13.0827,80.2707,,GI,
Namakkal Maakkal Paattirangal,Handicraft,Tamil Nadu,,"Geographical Indication (GI) registered traditional handicraft of Tamil Nadu, officially recognised under India's GI Registry (ipindia.gov.in).",13.0827,80.2707,,GI,
Silver Filigree of Karimnagar,Handicraft,Telangana,,"Geographical Indication (GI) registered traditional handicraft of Telangana, officially recognised under India's GI Registry (ipindia.gov.in).",18.4386,79.1288,,GI,
Nirmal Toys and Craft,Handicraft,Telangana,,"Geographical Indication (GI) registered traditional handicraft of Telangana, officially recognised under India's GI Registry (ipindia.gov.in).",19.0967,78.3436,,GI,
Nirmal Furniture,Handicraft,Telangana,,"Geographical Indication (GI) registered traditional handicraft of Telangana, officially recognised under India's GI Registry (ipindia.gov.in).",19.0967,78.3436,,GI,
Nirmal Paintings,Handicraft,Telangana,,"Geographical Indication (GI) registered traditional handicraft of Telangana, officially recognised under India's GI Registry (ipindia.gov.in).",19.0967,78.3436,,GI,
Gadwal Sarees,Handicraft,Telangana,,"Geographical Indication (GI) registered traditional handicraft of Telangana, officially recognised under India's GI Registry (ipindia.gov.in).",16.2333,77.8,,GI,
Siddipet Gollabama,Handicraft,Telangana,,"Geographical Indication (GI) registered traditional handicraft of Telangana, officially recognised under India's GI Registry (ipindia.gov.in).",18.1019,78.8517,,GI,
Cheriyal Paintings,Handicraft,Telangana,,"Geographical Indication (GI) registered traditional handicraft of Telangana, officially recognised under India's GI Registry (ipindia.gov.in).",17.9,78.9333,,GI,
Pembarthi Metal Craft,Handicraft,Telangana,,"Geographical Indication (GI) registered traditional handicraft of Telangana, officially recognised under India's GI Registry (ipindia.gov.in).",17.9,79.0333,,GI,
Narayanpet Handloom Sarees,Handicraft,Telangana,,"Geographical Indication (GI) registered traditional handicraft of Telangana, officially recognised under India's GI Registry (ipindia.gov.in).",16.75,77.5,,GI,
Adilabad Dokra,Handicraft,Telangana,,"Geographical Indication (GI) registered traditional handicraft of Telangana, officially recognised under India's GI Registry (ipindia.gov.in).",19.664,78.532,,GI,
Warangal Durries,Handicraft,Telangana,,"Geographical Indication (GI) registered traditional handicraft of Telangana, officially recognised under India's GI Registry (ipindia.gov.in).",17.9689,79.5941,,GI,
Telia Rumal,Handicraft,Telangana,,"Geographical Indication (GI) registered traditional handicraft of Telangana, officially recognised under India's GI Registry (ipindia.gov.in).",17.385,78.4867,,GI,
Hyderabad Lac Bangles,Handicraft,Telangana,,"Geographical Indication (GI) registered traditional handicraft of Telangana, officially recognised under India's GI Registry (ipindia.gov.in).",17.385,78.4867,,GI,
Tripura Risa Textile,Handicraft,Tripura,,"Geographical Indication (GI) registered traditional handicraft of Tripura, officially recognised under India's GI Registry (ipindia.gov.in).",23.8315,91.2868,,GI,
Tripura Pachra-Rignai Textile,Handicraft,Tripura,,"Geographical Indication (GI) registered traditional handicraft of Tripura, officially recognised under India's GI Registry (ipindia.gov.in).",23.8315,91.2868,,GI,
Banaras Brocades And Sarees,Handicraft,Uttar Pradesh,,"Geographical Indication (GI) registered traditional handicraft of Uttar Pradesh, officially recognised under India's GI Registry (ipindia.gov.in).",25.3176,82.9739,,GI,
Hand Made Carpet of Bhadohi,Handicraft,Uttar Pradesh,,"Geographical Indication (GI) registered traditional handicraft of Uttar Pradesh, officially recognised under India's GI Registry (ipindia.gov.in).",25.3933,82.5642,,GI,
Varanasi Glass Beads,Handicraft,Uttar Pradesh,,"Geographical Indication (GI) registered traditional handicraft of Uttar Pradesh, officially recognised under India's GI Registry (ipindia.gov.in).",25.3176,82.9739,,GI,
Khurja Pottery,Handicraft,Uttar Pradesh,,"Geographical Indication (GI) registered traditional handicraft of Uttar Pradesh, officially recognised under India's GI Registry (ipindia.gov.in).",26.8467,80.9462,,GI,
Saharanpur Wood Craft,Handicraft,Uttar Pradesh,,"Geographical Indication (GI) registered traditional handicraft of Uttar Pradesh, officially recognised under India's GI Registry (ipindia.gov.in).",29.968,77.546,,GI,
Agra Durrie,Handicraft,Uttar Pradesh,,"Geographical Indication (GI) registered traditional handicraft of Uttar Pradesh, officially recognised under India's GI Registry (ipindia.gov.in).",27.1767,78.0081,,GI,
Banaras Gulabi Meenakari Craft,Handicraft,Uttar Pradesh,,"Geographical Indication (GI) registered traditional handicraft of Uttar Pradesh, officially recognised under India's GI Registry (ipindia.gov.in).",25.3176,82.9739,,GI,
Banaras Metal Repouse Craft,Handicraft,Uttar Pradesh,,"Geographical Indication (GI) registered traditional handicraft of Uttar Pradesh, officially recognised under India's GI Registry (ipindia.gov.in).",25.3176,82.9739,,GI,
Varanasi Wooden Lacquerware & Toys,Handicraft,Uttar Pradesh,,"Geographical Indication (GI) registered traditional handicraft of Uttar Pradesh, officially recognised under India's GI Registry (ipindia.gov.in).",25.3176,82.9739,,GI,
Mirzapur Handmade Dari,Handicraft,Uttar Pradesh,,"Geographical Indication (GI) registered traditional handicraft of Uttar Pradesh, officially recognised under India's GI Registry (ipindia.gov.in).",25.1461,82.568,,GI,
Nizamabad Black Clay Pottery,Handicraft,Uttar Pradesh,,"Geographical Indication (GI) registered traditional handicraft of Uttar Pradesh, officially recognised under India's GI Registry (ipindia.gov.in).",18.6725,78.0941,,GI,
Gorakhpur Terracotta,Handicraft,Uttar Pradesh,,"Geographical Indication (GI) registered traditional handicraft of Uttar Pradesh, officially recognised under India's GI Registry (ipindia.gov.in).",26.7606,83.3732,,GI,
Banaras Zardozi,Handicraft,Uttar Pradesh,,"Geographical Indication (GI) registered traditional handicraft of Uttar Pradesh, officially recognised under India's GI Registry (ipindia.gov.in).",25.3176,82.9739,,GI,
Chunar Glaze Pottery,Handicraft,Uttar Pradesh,,"Geographical Indication (GI) registered traditional handicraft of Uttar Pradesh, officially recognised under India's GI Registry (ipindia.gov.in).",26.8467,80.9462,,GI,
Mirzapur Pital Bartan,Handicraft,Uttar Pradesh,,"Geographical Indication (GI) registered traditional handicraft of Uttar Pradesh, officially recognised under India's GI Registry (ipindia.gov.in).",25.1461,82.568,,GI,
Banaras Wood Carving,Handicraft,Uttar Pradesh,,"Geographical Indication (GI) registered traditional handicraft of Uttar Pradesh, officially recognised under India's GI Registry (ipindia.gov.in).",25.3176,82.9739,,GI,
Banaras Hand Block Print,Handicraft,Uttar Pradesh,,"Geographical Indication (GI) registered traditional handicraft of Uttar Pradesh, officially recognised under India's GI Registry (ipindia.gov.in).",25.3176,82.9739,,GI,
Mau Saree,Handicraft,Uttar Pradesh,,"Geographical Indication (GI) registered traditional handicraft of Uttar Pradesh, officially recognised under India's GI Registry (ipindia.gov.in).",25.9417,83.5611,,GI,
Aligarh Tala,Handicraft,Uttar Pradesh,,"Geographical Indication (GI) registered traditional handicraft of Uttar Pradesh, officially recognised under India's GI Registry (ipindia.gov.in).",27.8974,78.088,,GI,
Bakhira Brassware,Handicraft,Uttar Pradesh,,"Geographical Indication (GI) registered traditional handicraft of Uttar Pradesh, officially recognised under India's GI Registry (ipindia.gov.in).",26.95,83.2,,GI,
Nagina Wood Craft,Handicraft,Uttar Pradesh,,"Geographical Indication (GI) registered traditional handicraft of Uttar Pradesh, officially recognised under India's GI Registry (ipindia.gov.in).",29.45,78.4333,,GI,
Sambhal Horn Craft,Handicraft,Uttar Pradesh,,"Geographical Indication (GI) registered traditional handicraft of Uttar Pradesh, officially recognised under India's GI Registry (ipindia.gov.in).",28.5833,78.5667,,GI,
Amroha Dholak,Handicraft,Uttar Pradesh,,"Geographical Indication (GI) registered traditional handicraft of Uttar Pradesh, officially recognised under India's GI Registry (ipindia.gov.in).",28.9042,78.4686,,GI,
Baghpat Home Furnishings,Handicraft,Uttar Pradesh,,"Geographical Indication (GI) registered traditional handicraft of Uttar Pradesh, officially recognised under India's GI Registry (ipindia.gov.in).",22.3667,74.75,,GI,
Barabanki Handloom Product,Handicraft,Uttar Pradesh,,"Geographical Indication (GI) registered traditional handicraft of Uttar Pradesh, officially recognised under India's GI Registry (ipindia.gov.in).",26.925,81.19,,GI,
Kalpi Handmade Paper,Handicraft,Uttar Pradesh,,"Geographical Indication (GI) registered traditional handicraft of Uttar Pradesh, officially recognised under India's GI Registry (ipindia.gov.in).",26.1167,79.7333,,GI,
Jalesar Dhatu Shilp Metal Craft,Handicraft,Uttar Pradesh,,"Geographical Indication (GI) registered traditional handicraft of Uttar Pradesh, officially recognised under India's GI Registry (ipindia.gov.in).",27.4667,78.3167,,GI,
Bhotia Dann of Uttarakhand,Handicraft,Uttarakhand,,"Geographical Indication (GI) registered traditional handicraft of Uttarakhand, officially recognised under India's GI Registry (ipindia.gov.in).",30.3165,78.0322,,GI,
Uttarakhand Aipan,Handicraft,Uttarakhand,,"Geographical Indication (GI) registered traditional handicraft of Uttarakhand, officially recognised under India's GI Registry (ipindia.gov.in).",30.3165,78.0322,,GI,
Uttarakhand Ringal Craft,Handicraft,Uttarakhand,,"Geographical Indication (GI) registered traditional handicraft of Uttarakhand, officially recognised under India's GI Registry (ipindia.gov.in).",30.3165,78.0322,,GI,
Uttarakhand Tamta Product,Handicraft,Uttarakhand,,"Geographical Indication (GI) registered traditional handicraft of Uttarakhand, officially recognised under India's GI Registry (ipindia.gov.in).",30.3165,78.0322,,GI,
Uttarakhand Thulma,Handicraft,Uttarakhand,,"Geographical Indication (GI) registered traditional handicraft of Uttarakhand, officially recognised under India's GI Registry (ipindia.gov.in).",30.3165,78.0322,,GI,
Rangwali Pichhoda of Kumaon,Handicraft,Uttarakhand,,"Geographical Indication (GI) registered traditional handicraft of Uttarakhand, officially recognised under India's GI Registry (ipindia.gov.in).",29.6167,79.6333,,GI,
Kashmiri Papier-Mache,Handicraft,Jammu and Kashmir,Srinagar,"Intricately hand-painted decorative objects made from paper pulp, a Persian-origin craft flourishing in Kashmir since the 14th century.",34.0837,74.7973,,No tag,
Channapatna Toys,Handicraft,Karnataka,Ramanagara,"Colorful lacquered wooden toys and dolls, a craft tradition dating back to Tipu Sultan's era.",12.6519,77.2004,,No tag,
Kondapalli Toys,Handicraft,Andhra Pradesh,Krishna,"Lightweight wooden toys carved from local Tella Poniki wood, depicting rural life and mythology.",16.612,80.5722,,No tag,
Bankura Terracotta,Handicraft,West Bengal,Bankura,"Iconic elongated-neck terracotta horses and folk art, hand-shaped by traditional Kumbhakar potter communities.",23.2324,87.0739,,No tag,
Blue Pottery,Handicraft,Rajasthan,Jaipur,"Persian-influenced glazed pottery made without clay, using quartz powder, distinctive for its cobalt blue dye.",26.9124,75.7873,,No tag,
Aranmula Kannadi,Handicraft,Kerala,Pathanamthitta,"Handcrafted metal mirrors made from a secret bronze alloy, produced by only a few families in Aranmula village.",9.3306,76.8256,,No tag,
Nagaland Bamboo Craft,Handicraft,Nagaland,Dimapur,"Traditional bamboo and cane products including baskets, mats, and furniture, integral to Naga tribal daily life and festivals.",25.9091,93.7267,,No tag,
Walnut Wood Carving,Handicraft,Jammu and Kashmir,Srinagar,"Ornately carved furniture and decor made from Kashmir walnut wood, renowned for its fine grain and durability.",34.0837,74.7973,,No tag,
Firozabad Glassware,Handicraft,Uttar Pradesh,Firozabad,"Hand-blown coloured glass bangles and decorative items, earning Firozabad the title 'Glass City of India'.",27.1592,78.3957,,No tag,
Meerut Scissors,Handicraft,Uttar Pradesh,Meerut,"Traditional hand-forged scissors and cutting tools, a centuries-old metalworking craft of Meerut.",28.9845,77.7064,,No tag,
Molela Clay Work,Handicraft,Rajasthan,Rajsamand,"Terracotta plaques depicting deities and folk gods, handmade by the Kumhar potter community of Molela village.",25.0708,73.8819,,No tag,
Meenakari Jewelry,Handicraft,Rajasthan,Jaipur,"Vivid enamel work on gold and silver jewelry, a Mughal-era craft perfected by Jaipur's artisans.",26.9124,75.7873,,No tag,
Pipli Applique Work,Handicraft,Odisha,Puri,"Colourful applique craft using cutout fabric patches, traditionally used for temple umbrellas and canopies.",20.1064,85.8189,,No tag,
Konark Stone Carving,Handicraft,Odisha,Puri,Intricate stone sculpture tradition famous for the carvings of the Konark Sun Temple.,19.8876,86.0945,,No tag,
Cuttack Silver Filigree,Handicraft,Odisha,Cuttack,"Delicate silver wire jewelry and decor, hand-twisted into intricate lace-like patterns by Cuttack's silversmiths.",20.4625,85.8828,,No tag,
Purulia Chau Mask,Handicraft,West Bengal,Purulia,Vividly painted papier-mache masks worn during the traditional Chau dance-drama of Purulia.,23.332,86.3616,,No tag,
Santiniketan Leather Goods,Handicraft,West Bengal,Birbhum,Hand-tooled and batik-dyed leather bags and accessories originating from the Santiniketan region founded by Tagore.,23.6821,87.6832,,No tag,
Mahabalipuram Stone Sculpture,Handicraft,Tamil Nadu,Chengalpattu,"Granite stone sculpture tradition dating to the Pallava dynasty, famous for the rock-cut monuments of Mahabalipuram.",12.6208,80.1982,,No tag,
Thanjavur Bommai,Handicraft,Tamil Nadu,Thanjavur,"Traditional bobble-head dolls hand-painted in vivid colours, a folk craft distinct from Thanjavur paintings.",10.787,79.1378,,No tag,
Kolhapuri Chappal,Handicraft,Maharashtra,Kolhapur,"Handcrafted leather sandals made using vegetable-tanned leather, worn for centuries and famous worldwide.",16.705,74.2433,,No tag,
Sikki Grass Craft,Handicraft,Bihar,Madhubani,"Fine golden grass woven into decorative boxes, toys and idols, a traditional Mithila handicraft.",26.3573,86.0725,,No tag,
Bastar Wood Carving,Handicraft,Chhattisgarh,Bastar,"Intricately carved wooden sculptures and masks made by tribal artisans of Bastar, depicting deities and folklore.",19.1073,81.9542,,No tag,
