"id","artisanKey","primaryCraftId","studioName","personalName","craftSpecialization","location","state","yearsOfPractice","bio","profilePhotoUrl","coverPhotoUrl","publicContact","languages","experienceInfo","createdAt","updatedAt","lat","lng"
1,"govind-ram-jhara-2009","","Dhokra Casting by Govind Ram Jhara","Govind Ram Jhara","Bell Metal Dhokra Casting","Chhattisgarh","Chhattisgarh",0,"Recipient of the Shilp Guru award (2009), India's highest handicraft honour, conferred by the Government of India for outstanding mastery of Bell Metal Dhokra Casting.","/placeholder-artisan.jpg","https://upload.wikimedia.org/wikipedia/commons/7/74/Dhokra_%28Man%29.jpg","","","Recipient of the Shilp Guru award, 2009. Years of practice not publicly documented.","2026-08-26 18:57:56","2026-09-06 17:48:32","21.278700","81.866100"
2,"mohammad-ayyub-2009","","Wood Block Making by Mohammad Ayyub","Mohammad Ayyub","Wood Carving Block Making","Delhi","Delhi",0,"Recipient of the Shilp Guru award (2009), India's highest handicraft honour, conferred by the Government of India for outstanding mastery of Wood Carving Block Making.","/placeholder-artisan.jpg","https://upload.wikimedia.org/wikipedia/commons/c/c1/Master_artist_carves_a_woodblock_for_textile_printing.jpg","","","Recipient of the Shilp Guru award, 2009. Years of practice not publicly documented.","2026-08-26 18:57:58","2026-09-06 17:48:33","28.704100","77.102500"
3,"rohit-kantilal-salvi-2009","","Patan Patola by Rohit Kantilal Salvi","Rohit Kantilal Salvi","Patan Patola Double Ikat","Gujarat","Gujarat",0,"Recipient of the Shilp Guru award (2009), India's highest handicraft honour, conferred by the Government of India for outstanding mastery of Patan Patola Double Ikat weaving.","/placeholder-artisan.jpg","https://upload.wikimedia.org/wikipedia/commons/e/e1/Antique_Patan_Patola_Double_Ikat_Trade_Textile_courtesy_Wovensouls_Collection%2C_Singapore.jpg","","","Recipient of the Shilp Guru award, 2009. Years of practice not publicly documented.","2026-08-26 18:58:00","2026-09-06 17:48:33","22.258700","71.192400"
4,"manubhai-chunilal-chitara-2009","","Matani Pachedi by Manubhai Chunilal Chitara","Manubhai Chunilal Chitara","Kalamkari Matani Pachedi","Gujarat","Gujarat",0,"Recipient of the Shilp Guru award (2009), India's highest handicraft honour, conferred by the Government of India for outstanding mastery of Kalamkari Matani Pachedi.","/placeholder-artisan.jpg","/placeholder-cover.jpg","","","Recipient of the Shilp Guru award, 2009. Years of practice not publicly documented.","2026-08-26 18:58:01","2026-09-06 17:48:34","22.258700","71.192400"
5,"omkar-dhawan-2010","","Bone & Wood Inlay by Omkar Dhawan","Omkar Dhawan","Inlay Work on Bone / Wood","Delhi","Delhi",0,"Recipient of the Shilp Guru award (2010), India's highest handicraft honour, conferred by the Government of India for outstanding mastery of Inlay Work on Bone and Wood.","/placeholder-artisan.jpg","/placeholder-cover.jpg","","","Recipient of the Shilp Guru award, 2010. Years of practice not publicly documented.","2026-08-26 18:58:01","2026-09-06 17:48:35","28.704100","77.102500"
6,"budhi-ram-prajapati-2010","","Terracotta by Budhi Ram Prajapati","Budhi Ram Prajapati","Terracotta","Haryana","Haryana",0,"Recipient of the Shilp Guru award (2010), India's highest handicraft honour, conferred by the Government of India for outstanding mastery of Terracotta craft.","/placeholder-artisan.jpg","https://upload.wikimedia.org/wikipedia/commons/0/05/Bankura_Horses_Arnab_Dutta_2011.JPG","","","Recipient of the Shilp Guru award, 2010. Years of practice not publicly documented.","2026-08-26 18:58:02","2026-09-06 17:48:35","29.058800","76.085600"
7,"ghulam-rasool-khan-2010","","Sozni Embroidery by Ghulam Rasool Khan","Ghulam Rasool Khan","Sozni Embroidery","Jammu & Kashmir","Jammu & Kashmir",0,"Recipient of the Shilp Guru award (2010), India's highest handicraft honour, conferred by the Government of India for outstanding mastery of Sozni Embroidery.","/placeholder-artisan.jpg","/placeholder-cover.jpg","","","Recipient of the Shilp Guru award, 2010. Years of practice not publicly documented.","2026-08-26 18:58:02","2026-09-06 17:48:36","33.778200","76.576200"
8,"tsering-wangdus-2010","","Thanka Painting by Tsering Wangdus","Tsering Wangdus","Scroll / Thanka Painting","Leh","Ladakh",0,"Recipient of the Shilp Guru award (2010), India's highest handicraft honour, conferred by the Government of India for outstanding mastery of Scroll / Thanka Painting.","/placeholder-artisan.jpg","https://upload.wikimedia.org/wikipedia/commons/c/cc/Painting_Thangka_Lhasa_Tibet_Luca_Galuzzi_2006.jpg","","","Recipient of the Shilp Guru award, 2010. Years of practice not publicly documented.","2026-08-26 18:58:03","2026-09-06 17:48:36","34.152600","77.577100"
9,"har-kishan-2012","","Terracotta by Har Kishan","Har Kishan","Terracotta","Delhi","Delhi",0,"Recipient of the Shilp Guru award (2012), India's highest handicraft honour, conferred by the Government of India for outstanding mastery of Terracotta craft.","/placeholder-artisan.jpg","https://upload.wikimedia.org/wikipedia/commons/0/05/Bankura_Horses_Arnab_Dutta_2011.JPG","","","Recipient of the Shilp Guru award, 2012. Years of practice not publicly documented.","2026-08-26 18:58:03","2026-09-06 17:48:37","28.704100","77.102500"
10,"kailash-soni-2012","","Meenakari by Kailash Soni","Kailash Soni","Enamelling on Gold & Silver Jewellery","Rajasthan","Rajasthan",0,"Recipient of the Shilp Guru award (2012), India's highest handicraft honour, conferred by the Government of India for outstanding mastery of Enamelling on Gold and Silver Jewellery.","/placeholder-artisan.jpg","/placeholder-cover.jpg","","","Recipient of the Shilp Guru award, 2012. Years of practice not publicly documented.","2026-08-26 18:58:04","2026-09-06 17:48:38","27.023800","74.217900"
11,"o-p-malhotra-2012","","Artware Shawls by O. P. Malhotra","O. P. Malhotra","Shawl as Artware","Himachal Pradesh","Himachal Pradesh",0,"Recipient of the Shilp Guru award (2012), India's highest handicraft honour, conferred by the Government of India for outstanding mastery of Shawl as Artware.","/placeholder-artisan.jpg","https://upload.wikimedia.org/wikipedia/commons/4/44/Blue_kani_final.jpg","","","Recipient of the Shilp Guru award, 2012. Years of practice not publicly documented.","2026-08-26 18:58:04","2026-09-06 17:48:38","31.104800","77.173400"
12,"rasheed-ahmed-quadri-2012","","Bidriware by Rasheed Ahmed Quadri","Rasheed Ahmed Quadri","Bidriware","Bidar","Karnataka",0,"Recipient of the Shilp Guru award (2012), India's highest handicraft honour, conferred by the Government of India for outstanding mastery of Bidriware metal craft.","/placeholder-artisan.jpg","https://upload.wikimedia.org/wikipedia/commons/1/12/Bidriware_Hookah.jpg","","","Recipient of the Shilp Guru award, 2012. Years of practice not publicly documented.","2026-08-26 18:58:05","2026-09-06 17:48:39","15.317300","75.713900"
13,"t-venkatesa-raja-2012","","Thanjavur Painting by T. Venkatesa Raja","T. Venkatesa Raja","Thanjavur Painting","Thanjavur","Tamil Nadu",0,"Recipient of the Shilp Guru award (2012), India's highest handicraft honour, conferred by the Government of India for outstanding mastery of Thanjavur Painting.","/placeholder-artisan.jpg","https://upload.wikimedia.org/wikipedia/commons/f/ff/Thanjavur_Painting.jpg","","","Recipient of the Shilp Guru award, 2012. Years of practice not publicly documented.","2026-08-26 18:58:05","2026-09-06 17:48:39","11.127100","78.656900"
14,"saila-moharana-2012","","Pattachitra by Saila Moharana","Saila Moharana","Pattachitra","Odisha","Odisha",0,"Recipient of the Shilp Guru award (2012), India's highest handicraft honour, conferred by the Government of India for outstanding mastery of Pattachitra painting.","/placeholder-artisan.jpg","https://upload.wikimedia.org/wikipedia/commons/d/de/Pattachitra_Painting_%2816854531288%29.jpg","","","Recipient of the Shilp Guru award, 2012. Years of practice not publicly documented.","2026-08-26 18:58:06","2026-09-06 17:48:40","20.951700","85.098500"
15,"dhruba-sil-2012","","Wood Carving by Dhruba Sil","Dhruba Sil","Wood Carving","West Bengal","West Bengal",0,"Recipient of the Shilp Guru award (2012), India's highest handicraft honour, conferred by the Government of India for outstanding mastery of Wood Carving.","/placeholder-artisan.jpg","https://upload.wikimedia.org/wikipedia/commons/2/2e/Thazhathangadi_juma_masjid_Kottayam_Kerala_south_india.jpg","","","Recipient of the Shilp Guru award, 2012. Years of practice not publicly documented.","2026-08-26 18:58:06","2026-09-06 17:48:40","22.986800","87.855000"
16,"krishna-das-paul-2012","","Cane & Bamboo Craft by Krishna Das Paul","Krishna Das Paul","Cane & Bamboo","Tripura","Tripura",0,"Recipient of the Shilp Guru award (2012), India's highest handicraft honour, conferred by the Government of India for outstanding mastery of Cane and Bamboo craft.","/placeholder-artisan.jpg","https://upload.wikimedia.org/wikipedia/commons/a/a4/Bamboo_crafted_dancing_lady_from_Samaguri_Satra.jpg","","","Recipient of the Shilp Guru award, 2012. Years of practice not publicly documented.","2026-08-26 18:58:07","2026-09-06 17:48:41","23.940800","91.988200"
17,"bhasar-bhura-khoyala-2013","","Leather Craft by Bhasar Bhura Khoyala","Bhasar Bhura Khoyala","Leather work","Gujarat","Gujarat",0,"Recipient of the Shilp Guru award (2013), India's highest handicraft honour, conferred by the Government of India for outstanding mastery of Leather work.","/placeholder-artisan.jpg","/placeholder-cover.jpg","","","Recipient of the Shilp Guru award, 2013. Years of practice not publicly documented.","2026-08-26 18:58:07","2026-09-06 17:48:41","22.258700","71.192400"
18,"abdul-aziz-bazaz-2013","","Walnut Wood Carving by Abdul Aziz Bazaz","Abdul Aziz Bazaz","Walnut Wood Carving","Jammu & Kashmir","Jammu & Kashmir",0,"Recipient of the Shilp Guru award (2013), India's highest handicraft honour, conferred by the Government of India for outstanding mastery of Walnut Wood Carving.","/placeholder-artisan.jpg","https://upload.wikimedia.org/wikipedia/commons/4/42/Walnut_wood_carving.jpg","","","Recipient of the Shilp Guru award, 2013. Years of practice not publicly documented.","2026-08-26 18:58:08","2026-09-06 17:48:42","33.778200","76.576200"
19,"anita-choudapurkar-2013","","Kasuti Embroidery by Anita Choudapurkar","Anita Choudapurkar","Kasuti Embroidery","Karnataka","Karnataka",0,"Recipient of the Shilp Guru award (2013), India's highest handicraft honour, conferred by the Government of India for outstanding mastery of Kasuti Embroidery.","/placeholder-artisan.jpg","https://upload.wikimedia.org/wikipedia/commons/d/df/Kasuti_embroidery.jpg","","","Recipient of the Shilp Guru award, 2013. Years of practice not publicly documented.","2026-08-26 18:58:08","2026-09-06 17:48:44","15.317300","75.713900"
20,"prabha-mallesh-2013","","Mysore Traditional Painting by Prabha Mallesh","Prabha Mallesh","Mysore style Painting","Mysuru","Karnataka",0,"Recipient of the Shilp Guru award (2013), India's highest handicraft honour, conferred by the Government of India for outstanding mastery of Mysore-style traditional painting.","/placeholder-artisan.jpg","https://upload.wikimedia.org/wikipedia/commons/6/65/Cheluvarayaswamy.jpg","","","Recipient of the Shilp Guru award, 2013. Years of practice not publicly documented.","2026-08-26 18:58:09","2026-09-06 17:48:45","15.317300","75.713900"
21,"dina-bandhu-mohapatra-2013","","Palm Leaf & Pattachitra by Dina Bandhu Mohapatra","Dina Bandhu Mohapatra","Palmleaf & Pattachitra Painting","Odisha","Odisha",0,"Recipient of the Shilp Guru award (2013), India's highest handicraft honour, conferred by the Government of India for outstanding mastery of Palm Leaf Engraving and Pattachitra Painting.","/placeholder-artisan.jpg","https://upload.wikimedia.org/wikipedia/commons/1/1e/Radha_and_Krishna_tala_pattachitra_from_Odisha%2C_ink_on_palm_leaf%2C_artist_unknown.JPG","","","Recipient of the Shilp Guru award, 2013. Years of practice not publicly documented.","2026-08-26 18:58:09","2026-09-06 17:48:45","20.951700","85.098500"
22,"kova-naneshwar-2013","","Brass Dokra by Kova Naneshwar","Kova Naneshwar","Brass Dokra Craft","Telangana","Telangana",0,"Recipient of the Shilp Guru award (2013), India's highest handicraft honour, conferred by the Government of India for outstanding mastery of Brass Dokra craft.","/placeholder-artisan.jpg","https://upload.wikimedia.org/wikipedia/commons/7/74/Dhokra_%28Man%29.jpg","","","Recipient of the Shilp Guru award, 2013. Years of practice not publicly documented.","2026-08-26 18:58:10","2026-09-06 17:48:45","18.112400","79.019300"
23,"reva-shankar-sharma-2013","","Miniature Painting by Reva Shankar Sharma","Reva Shankar Sharma","Miniature Painting","Rajasthan","Rajasthan",0,"Recipient of the Shilp Guru award (2013), India's highest handicraft honour, conferred by the Government of India for outstanding mastery of Miniature Painting.","/placeholder-artisan.jpg","https://upload.wikimedia.org/wikipedia/commons/d/dc/Rajasthani_Miniature_painting.jpg","","","Recipient of the Shilp Guru award, 2013. Years of practice not publicly documented.","2026-08-26 18:58:10","2026-09-06 17:48:46","27.023800","74.217900"
24,"rafiquddin-2013","","Marble Inlay by Rafiquddin","Rafiquddin","Marble Inlay","Agra","Uttar Pradesh",0,"Recipient of the Shilp Guru award (2013), India's highest handicraft honour, conferred by the Government of India for outstanding mastery of Marble Inlay work.","/placeholder-artisan.jpg","https://upload.wikimedia.org/wikipedia/commons/6/64/Flowers_in_Marble%2C_the_Taj_Mahal%2C_Agra%2C_Uttar_Pradesh%2C_India.jpg","","","Recipient of the Shilp Guru award, 2013. Years of practice not publicly documented.","2026-08-26 18:58:11","2026-09-06 17:48:47","26.846700","80.946200"
25,"banamali-mahapatra-2014","","Pattachitra by Banamali Mahapatra","Banamali Mahapatra","Pattachitra Painting","Odisha","Odisha",0,"Recipient of the Shilp Guru award (2014), India's highest handicraft honour, conferred by the Government of India for outstanding mastery of Pattachitra Painting.","/placeholder-artisan.jpg","https://upload.wikimedia.org/wikipedia/commons/1/15/Naagaa_Dancer%2C_Raghurajpur.JPG","","","Recipient of the Shilp Guru award, 2014. Years of practice not publicly documented.","2026-08-26 18:58:12","2026-09-06 17:48:48","20.951700","85.098500"
26,"hema-shekar-2014","","Tie-Dye & Batik by Hema Shekar","Hema Shekar","Tie & Dye and Batik Painting","Karnataka","Karnataka",0,"Recipient of the Shilp Guru award (2014), India's highest handicraft honour, conferred by the Government of India for outstanding mastery of Tie & Dye and Batik Painting.","/placeholder-artisan.jpg","https://upload.wikimedia.org/wikipedia/commons/e/e8/Batik_Shari_design_by_Jamuna_Sen.jpg","","","Recipient of the Shilp Guru award, 2014. Years of practice not publicly documented.","2026-08-26 18:58:14","2026-09-06 17:48:48","15.317300","75.713900"
27,"kailash-chand-sharma-2014","","Miniature Painting by Kailash Chand Sharma","Kailash Chand Sharma","Miniature Painting","Rajasthan","Rajasthan",0,"Recipient of the Shilp Guru award (2014), India's highest handicraft honour, conferred by the Government of India for outstanding mastery of Miniature Painting.","/placeholder-artisan.jpg","https://upload.wikimedia.org/wikipedia/commons/d/dc/Rajasthani_Miniature_painting.jpg","","","Recipient of the Shilp Guru award, 2014. Years of practice not publicly documented.","2026-08-26 18:58:15","2026-09-06 17:48:49","27.023800","74.217900"
28,"ram-swaroop-sharma-2014","","Wire & Wood Inlay by Ram Swaroop Sharma","Ram Swaroop Sharma","Wire Inlay and Wood Inlay","Rajasthan","Rajasthan",0,"Recipient of the Shilp Guru award (2014), India's highest handicraft honour, conferred by the Government of India for outstanding mastery of Wire Inlay and Wood Inlay.","/placeholder-artisan.jpg","https://upload.wikimedia.org/wikipedia/commons/2/2b/Wood_inlay_Mysore.jpg","","","Recipient of the Shilp Guru award, 2014. Years of practice not publicly documented.","2026-08-26 18:58:16","2026-09-06 17:48:49","27.023800","74.217900"
29,"badshah-miyan-2014","","Lehariya Tie-Dye by Badshah Miyan","Badshah Miyan","Tie & Dye Lehariya with Natural Herbal","Rajasthan","Rajasthan",0,"Recipient of the Shilp Guru award (2014), India's highest handicraft honour, conferred by the Government of India for outstanding mastery of Tie & Dye Lehariya with natural herbal dyes.","/placeholder-artisan.jpg","/placeholder-cover.jpg","","","Recipient of the Shilp Guru award, 2014. Years of practice not publicly documented.","2026-08-26 18:58:16","2026-09-06 17:48:52","27.023800","74.217900"
30,"khande-kullayappa-2015","","Leather Puppetry by Khande Kullayappa","Khande Kullayappa","Leather Puppets","Andhra Pradesh","Andhra Pradesh",0,"Recipient of the Shilp Guru award (2015), India's highest handicraft honour, conferred by the Government of India for outstanding mastery of Leather Puppetry.","/placeholder-artisan.jpg","https://upload.wikimedia.org/wikipedia/commons/8/83/Hanuman_and_Ravana_in_Tholu_Bommalata%2C_the_shadow_puppet_tradition_of_Andhra_Pradesh%2C_India.JPG","","","Recipient of the Shilp Guru award, 2015. Years of practice not publicly documented.","2026-08-26 18:58:17","2026-09-06 17:48:52","15.912900","79.740000"
31,"k-siva-prasada-reddy-2015","","Kalamkari Painting by K. Siva Prasada Reddy","K. Siva Prasada Reddy","Kalamkari Painting","Andhra Pradesh","Andhra Pradesh",0,"Recipient of the Shilp Guru award (2015), India's highest handicraft honour, conferred by the Government of India for outstanding mastery of Kalamkari Painting.","/placeholder-artisan.jpg","https://upload.wikimedia.org/wikipedia/commons/5/54/Kalamkari_Painting.JPG","","","Recipient of the Shilp Guru award, 2015. Years of practice not publicly documented.","2026-08-26 18:58:18","2026-09-06 17:48:53","15.912900","79.740000"
32,"irshad-hussain-farooqi-2015","","Calligraphic Wood Carving by Irshad Hussain Farooqi","Irshad Hussain Farooqi","Calligraphy in Wood Carving","Delhi","Delhi",0,"Recipient of the Shilp Guru award (2015), India's highest handicraft honour, conferred by the Government of India for outstanding mastery of Calligraphy in Wood Carving.","/placeholder-artisan.jpg","/placeholder-cover.jpg","","","Recipient of the Shilp Guru award, 2015. Years of practice not publicly documented.","2026-08-26 18:58:18","2026-09-06 17:48:54","28.704100","77.102500"
33,"rajender-parshad-bondwal-2015","","Sandalwood Carving by Rajender Parshad Bondwal","Rajender Parshad Bondwal","Sandal Wood Carving","Haryana","Haryana",0,"Recipient of the Shilp Guru award (2015), India's highest handicraft honour, conferred by the Government of India for outstanding mastery of Sandal Wood Carving.","/placeholder-artisan.jpg","https://upload.wikimedia.org/wikipedia/commons/5/5f/Door_of_Carved_Sandal_Wood_From_Travancore.jpg","","","Recipient of the Shilp Guru award, 2015. Years of practice not publicly documented.","2026-08-26 18:58:19","2026-09-06 17:48:54","29.058800","76.085600"
34,"khatri-abdul-razak-mohmed-2015","","Ajrakh Block Printing by Khatri Abdul Razak Mohmed","Khatri Abdul Razak Mohmed","Ajrakh Hand Block Printing","Kutch","Gujarat",0,"Recipient of the Shilp Guru award (2015), India's highest handicraft honour, conferred by the Government of India for outstanding mastery of Ajrakh Hand Block Printing.","/placeholder-artisan.jpg","https://upload.wikimedia.org/wikipedia/commons/2/28/Ajrakh_Block_Printing_Geography.png","","","Recipient of the Shilp Guru award, 2015. Years of practice not publicly documented.","2026-08-26 18:58:20","2026-09-06 17:48:55","22.258700","71.192400"
35,"abdul-raouf-2015","","Bidri Craft by Abdul Raouf","Abdul Raouf","Bidri Craft","Bidar","Karnataka",0,"Recipient of the Shilp Guru award (2015), India's highest handicraft honour, conferred by the Government of India for outstanding mastery of Bidri metal craft.","/placeholder-artisan.jpg","https://upload.wikimedia.org/wikipedia/commons/6/62/Bidri_craft%2C_Hyderabad%2C_India.jpg","","","Recipient of the Shilp Guru award, 2015. Years of practice not publicly documented.","2026-08-26 18:58:21","2026-09-06 17:48:55","15.317300","75.713900"
36,"girish-kumar-rajsoni-2015","","Thewa Craft by Girish Kumar Rajsoni","Girish Kumar Rajsoni","Thewa Craft","Pratapgarh","Rajasthan",0,"Recipient of the Shilp Guru award (2015), India's highest handicraft honour, conferred by the Government of India for outstanding mastery of Thewa gold-on-glass craft.","/placeholder-artisan.jpg","https://upload.wikimedia.org/wikipedia/commons/5/52/Stamp_of_India_-_2002_-_Colnect_158278_-_Handicrafts_of_India_-_Thewa.jpeg","","","Recipient of the Shilp Guru award, 2015. Years of practice not publicly documented.","2026-08-26 18:58:22","2026-09-06 17:48:56","27.023800","74.217900"
37,"mohd-matloob-2016","","Mughal Wood Carving by Mohd. Matloob","Mohd. Matloob","Mughal Wood Carving Engraving and Inlay","Delhi","Delhi",0,"Recipient of the Shilp Guru award (2016), India's highest handicraft honour, conferred by the Government of India for outstanding mastery of Mughal Wood Carving, Engraving and Inlay.","/placeholder-artisan.jpg","/placeholder-cover.jpg","","","Recipient of the Shilp Guru award, 2016. Years of practice not publicly documented.","2026-08-26 18:58:25","2026-09-06 17:48:57","28.704100","77.102500"
38,"gulam-hyder-mirza-2016","","Paper Mache by Gulam Hyder Mirza","Gulam Hyder Mirza","Paper Machie","Jammu & Kashmir","Jammu & Kashmir",0,"Recipient of the Shilp Guru award (2016), India's highest handicraft honour, conferred by the Government of India for outstanding mastery of Kashmiri Paper Mache.","/placeholder-artisan.jpg","https://upload.wikimedia.org/wikipedia/commons/9/95/Kashmiri_Woodcarving_And_Paper_mach%C3%A9.jpg","","","Recipient of the Shilp Guru award, 2016. Years of practice not publicly documented.","2026-08-26 18:58:28","2026-09-06 17:48:57","33.778200","76.576200"
39,"kalpataru-maharana-2016","","Stone Carving by Kalpataru Maharana","Kalpataru Maharana","Stone Carving","Konark","Odisha",0,"Recipient of the Shilp Guru award (2016), India's highest handicraft honour, conferred by the Government of India for outstanding mastery of Stone Carving.","/placeholder-artisan.jpg","https://upload.wikimedia.org/wikipedia/commons/5/5d/Brihadeeswarar_Temple_02.jpg","","","Recipient of the Shilp Guru award, 2016. Years of practice not publicly documented.","2026-08-26 18:58:32","2026-09-06 17:48:58","20.951700","85.098500"
40,"rupan-matharu-2016","","Wood Inlay by Rupan Matharu","Rupan Matharu","Plastic Inlay on Wood","Punjab","Punjab",0,"Recipient of the Shilp Guru award (2016), India's highest handicraft honour, conferred by the Government of India for outstanding mastery of Plastic Inlay on Wood.","/placeholder-artisan.jpg","/placeholder-cover.jpg","","","Recipient of the Shilp Guru award, 2016. Years of practice not publicly documented.","2026-08-26 18:58:35","2026-09-06 17:48:58","31.147100","75.341200"
41,"gopal-saini-2016","","Blue Pottery by Gopal Saini","Gopal Saini","Blue Pottery","Jaipur","Rajasthan",0,"Recipient of the Shilp Guru award (2016), India's highest handicraft honour, conferred by the Government of India for outstanding mastery of Jaipur Blue Pottery.","/placeholder-artisan.jpg","https://upload.wikimedia.org/wikipedia/commons/2/28/Jaipur_Blue_Pottery_Vase_with_Raja-Rani_Design.jpg","","","Recipient of the Shilp Guru award, 2016. Years of practice not publicly documented.","2026-08-26 18:58:39","2026-09-06 17:48:58","27.023800","74.217900"
42,"arjun-prajapati-2016","","Terracotta by Arjun Prajapati","Arjun Prajapati","Terracotta","Rajasthan","Rajasthan",0,"Recipient of the Shilp Guru award (2016), India's highest handicraft honour, conferred by the Government of India for outstanding mastery of Terracotta craft.","/placeholder-artisan.jpg","https://upload.wikimedia.org/wikipedia/commons/0/05/Bankura_Horses_Arnab_Dutta_2011.JPG","","","Recipient of the Shilp Guru award, 2016. Years of practice not publicly documented.","2026-08-26 18:58:43","2026-09-06 17:49:01","27.023800","74.217900"
43,"babu-lal-marotia-2016","","Miniature Painting by Babu Lal Marotia","Babu Lal Marotia","Miniature Painting","Rajasthan","Rajasthan",0,"Recipient of the Shilp Guru award (2016), India's highest handicraft honour, conferred by the Government of India for outstanding mastery of Miniature Painting.","/placeholder-artisan.jpg","https://upload.wikimedia.org/wikipedia/commons/d/dc/Rajasthani_Miniature_painting.jpg","","","Recipient of the Shilp Guru award, 2016. Years of practice not publicly documented.","2026-08-26 18:58:44","2026-09-06 17:49:01","27.023800","74.217900"
44,"tripti-mukherjee-2016","","Kantha Embroidery by Tripti Mukherjee","Tripti Mukherjee","Kantha Hand Embroidery","West Bengal","West Bengal",0,"Recipient of the Shilp Guru award (2016), India's highest handicraft honour, conferred by the Government of India for outstanding mastery of Kantha Hand Embroidery.","/placeholder-artisan.jpg","https://upload.wikimedia.org/wikipedia/commons/2/2c/Kantha_%28Quilt%29_LACMA_AC1994.131.1.jpg","","","Recipient of the Shilp Guru award, 2016. Years of practice not publicly documented.","2026-08-26 18:58:45","2026-09-06 17:49:02","22.986800","87.855000"
45,"vinod-kumar-jangir-2017","","Sandalwood Carving by Vinod Kumar Jangir","Vinod Kumar Jangir","Sandal Wood Carving","Rajasthan","Rajasthan",0,"Recipient of the Shilp Guru award (2017), India's highest handicraft honour, conferred by the Government of India for outstanding mastery of Sandal Wood Carving.","/placeholder-artisan.jpg","https://upload.wikimedia.org/wikipedia/commons/5/5f/Door_of_Carved_Sandal_Wood_From_Travancore.jpg","","","Recipient of the Shilp Guru award, 2017. Years of practice not publicly documented.","2026-08-26 18:58:45","2026-09-06 17:49:02","27.023800","74.217900"
46,"dilshad-hussain-2017","","Brass Engraving by Dilshad Hussain","Dilshad Hussain","Brass Engraving","Moradabad","Uttar Pradesh",0,"Recipient of the Shilp Guru award (2017), India's highest handicraft honour, conferred by the Government of India for outstanding mastery of Brass Engraving.","/placeholder-artisan.jpg","/placeholder-cover.jpg","","","Recipient of the Shilp Guru award, 2017. Years of practice not publicly documented.","2026-08-26 18:58:47","2026-09-06 17:49:02","26.846700","80.946200"
47,"v-k-munuswamy-2017","","Terracotta by V. K. Munuswamy","V. K. Munuswamy","Terracotta","Puducherry","Puducherry",0,"Recipient of the Shilp Guru award (2017), India's highest handicraft honour, conferred by the Government of India for outstanding mastery of Terracotta craft.","/placeholder-artisan.jpg","https://upload.wikimedia.org/wikipedia/commons/0/05/Bankura_Horses_Arnab_Dutta_2011.JPG","","","Recipient of the Shilp Guru award, 2017. Years of practice not publicly documented.","2026-08-26 18:58:48","2026-09-06 17:49:03","11.941600","79.808300"
48,"zahiruddin-2017","","Khurja Blue Pottery by Zahiruddin","Zahiruddin","Khurja Blue Pottery","Khurja","Uttar Pradesh",0,"Recipient of the Shilp Guru award (2017), India's highest handicraft honour, conferred by the Government of India for outstanding mastery of Khurja Blue Pottery.","/placeholder-artisan.jpg","/placeholder-cover.jpg","","","Recipient of the Shilp Guru award, 2017. Years of practice not publicly documented.","2026-08-26 18:58:49","2026-09-06 17:49:03","26.846700","80.946200"
49,"tapan-chakraborty-2017","","Palm Leaf Engraving by Tapan Chakraborty","Tapan Chakraborty","Palm Leaf Engraving","West Bengal","West Bengal",0,"Recipient of the Shilp Guru award (2017), India's highest handicraft honour, conferred by the Government of India for outstanding mastery of Palm Leaf Engraving.","/placeholder-artisan.jpg","https://upload.wikimedia.org/wikipedia/commons/1/1e/Radha_and_Krishna_tala_pattachitra_from_Odisha%2C_ink_on_palm_leaf%2C_artist_unknown.JPG","","","Recipient of the Shilp Guru award, 2017. Years of practice not publicly documented.","2026-08-26 18:58:51","2026-09-06 17:49:04","22.986800","87.855000"
50,"noorbanu-mohamad-khatri-2017","","Bandhani Tie-Dye by Noorbanu Mohamad Khatri","Noorbanu Mohamad Khatri","Bandhani Tie-Dye","Kutch","Gujarat",0,"Recipient of the Shilp Guru award (2017), India's highest handicraft honour, conferred by the Government of India for outstanding mastery of Bandhani Tie-Dye.","/placeholder-artisan.jpg","https://upload.wikimedia.org/wikipedia/commons/6/6b/Bandhani%2C_Tie_dye_dresses_drying_in_Jaipur.jpg","","","Recipient of the Shilp Guru award, 2017. Years of practice not publicly documented.","2026-08-26 18:58:53","2026-09-06 17:49:04","22.258700","71.192400"
51,"k-r-mohanan-2017","","Wood Carving by K. R. Mohanan","K. R. Mohanan","Wood Carving","Kerala","Kerala",0,"Recipient of the Shilp Guru award (2017), India's highest handicraft honour, conferred by the Government of India for outstanding mastery of Wood Carving.","/placeholder-artisan.jpg","https://upload.wikimedia.org/wikipedia/commons/2/2e/Thazhathangadi_juma_masjid_Kottayam_Kerala_south_india.jpg","","","Recipient of the Shilp Guru award, 2017. Years of practice not publicly documented.","2026-08-26 18:58:56","2026-09-06 17:49:05","10.850500","76.271100"
52,"amita-sachdeva-2017","","Stone Dust Painting by Amita Sachdeva","Amita Sachdeva","Stone Dust Painting","Delhi","Delhi",0,"Recipient of the Shilp Guru award (2017), India's highest handicraft honour, conferred by the Government of India for outstanding mastery of Stone Dust Painting.","/placeholder-artisan.jpg","/placeholder-cover.jpg","","","Recipient of the Shilp Guru award, 2017. Years of practice not publicly documented.","2026-08-26 18:59:00","2026-09-06 17:49:05","28.704100","77.102500"
53,"mohan-lal-soni-2017","","Miniature Painting by Mohan Lal Soni","Mohan Lal Soni","Miniature Painting","Rajasthan","Rajasthan",0,"Recipient of the Shilp Guru award (2017), India's highest handicraft honour, conferred by the Government of India for outstanding mastery of Miniature Painting.","/placeholder-artisan.jpg","https://upload.wikimedia.org/wikipedia/commons/d/dc/Rajasthani_Miniature_painting.jpg","","","Recipient of the Shilp Guru award, 2017. Years of practice not publicly documented.","2026-08-26 18:59:03","2026-09-06 17:49:06","27.023800","74.217900"
54,"bijay-kumar-parida-2018","","Palm Leaf Engraving by Bijay Kumar Parida","Bijay Kumar Parida","Palm Leaf Engraving","Odisha","Odisha",0,"Recipient of the Shilp Guru award (2018), India's highest handicraft honour, conferred by the Government of India for outstanding mastery of Palm Leaf Engraving.","/placeholder-artisan.jpg","https://upload.wikimedia.org/wikipedia/commons/1/1e/Radha_and_Krishna_tala_pattachitra_from_Odisha%2C_ink_on_palm_leaf%2C_artist_unknown.JPG","","","Recipient of the Shilp Guru award, 2018. Years of practice not publicly documented.","2026-08-26 18:59:04","2026-09-06 17:49:06","20.951700","85.098500"
55,"maheswar-parida-2018","","Stone Carving by Maheswar Parida","Maheswar Parida","Stone Carving","Odisha","Odisha",0,"Recipient of the Shilp Guru award (2018), India's highest handicraft honour, conferred by the Government of India for outstanding mastery of Stone Carving.","/placeholder-artisan.jpg","https://upload.wikimedia.org/wikipedia/commons/5/5d/Brihadeeswarar_Temple_02.jpg","","","Recipient of the Shilp Guru award, 2018. Years of practice not publicly documented.","2026-08-26 18:59:04","2026-09-06 17:49:07","20.951700","85.098500"
56,"kondra-gangadhar-2018","","Stone Carving by Kondra Gangadhar","Kondra Gangadhar","Stone Carving","Andhra Pradesh","Andhra Pradesh",0,"Recipient of the Shilp Guru award (2018), India's highest handicraft honour, conferred by the Government of India for outstanding mastery of Stone Carving.","/placeholder-artisan.jpg","https://upload.wikimedia.org/wikipedia/commons/5/5d/Brihadeeswarar_Temple_02.jpg","","","Recipient of the Shilp Guru award, 2018. Years of practice not publicly documented.","2026-08-26 18:59:05","2026-09-06 17:49:07","15.912900","79.740000"
57,"ashish-malakar-2018","","Sholapith Craft by Ashish Malakar","Ashish Malakar","Sholapith","West Bengal","West Bengal",0,"Recipient of the Shilp Guru award (2018), India's highest handicraft honour, conferred by the Government of India for outstanding mastery of Sholapith (pith) craft.","/placeholder-artisan.jpg","https://upload.wikimedia.org/wikipedia/commons/8/89/Topor_Pair.jpg","","","Recipient of the Shilp Guru award, 2018. Years of practice not publicly documented.","2026-08-26 18:59:05","2026-09-06 17:49:08","22.986800","87.855000"
58,"chanchal-chakravarty-2018","","Metal Craft by Chanchal Chakravarty","Chanchal Chakravarty","Metal Craft","Delhi","Delhi",0,"Recipient of the Shilp Guru award (2018), India's highest handicraft honour, conferred by the Government of India for outstanding mastery of Metal craft.","/placeholder-artisan.jpg","/placeholder-cover.jpg","","","Recipient of the Shilp Guru award, 2018. Years of practice not publicly documented.","2026-08-26 18:59:06","2026-09-06 17:49:08","28.704100","77.102500"
59,"gopal-prasad-sharma-2018","","Miniature Painting by Gopal Prasad Sharma","Gopal Prasad Sharma","Miniature Painting","Rajasthan","Rajasthan",0,"Recipient of the Shilp Guru award (2018), India's highest handicraft honour, conferred by the Government of India for outstanding mastery of Miniature Painting.","/placeholder-artisan.jpg","https://upload.wikimedia.org/wikipedia/commons/d/dc/Rajasthani_Miniature_painting.jpg","","","Recipient of the Shilp Guru award, 2018. Years of practice not publicly documented.","2026-08-26 18:59:07","2026-09-06 17:49:09","27.023800","74.217900"
60,"abdul-hasib-2018","","Bone Carving by Abdul Hasib","Abdul Hasib","Bone Carving","Delhi","Delhi",0,"Recipient of the Shilp Guru award (2018), India's highest handicraft honour, conferred by the Government of India for outstanding mastery of Bone Carving.","/placeholder-artisan.jpg","/placeholder-cover.jpg","","","Recipient of the Shilp Guru award, 2018. Years of practice not publicly documented.","2026-08-26 18:59:07","2026-09-06 17:49:09","28.704100","77.102500"
61,"bashir-ahmed-bhat-2018","","Sozni Embroidery by Bashir Ahmed Bhat","Bashir Ahmed Bhat","Sozni Hand Embroidery","Jammu & Kashmir","Jammu & Kashmir",0,"Recipient of the Shilp Guru award (2018), India's highest handicraft honour, conferred by the Government of India for outstanding mastery of Sozni Hand Embroidery.","/placeholder-artisan.jpg","/placeholder-cover.jpg","","","Recipient of the Shilp Guru award, 2018. Years of practice not publicly documented.","2026-08-26 18:59:07","2026-09-06 17:49:10","33.778200","76.576200"
62,"gurumayum-shanti-devi-2018","","Artistic Textiles by Gurumayum Shanti Devi","Gurumayum Shanti Devi","Artistic Textiles","Manipur","Manipur",0,"Recipient of the Shilp Guru award (2018), India's highest handicraft honour, conferred by the Government of India for outstanding mastery of Artistic Textiles.","/placeholder-artisan.jpg","/placeholder-cover.jpg","","","Recipient of the Shilp Guru award, 2018. Years of practice not publicly documented.","2026-08-26 18:59:08","2026-09-06 17:49:10","24.663700","93.906300"
63,"mahamaya-sikdar-2018","","Kantha Embroidery by Mahamaya Sikdar","Mahamaya Sikdar","Kantha Hand Embroidery","West Bengal","West Bengal",0,"Recipient of the Shilp Guru award (2018), India's highest handicraft honour, conferred by the Government of India for outstanding mastery of Kantha Hand Embroidery.","/placeholder-artisan.jpg","https://upload.wikimedia.org/wikipedia/commons/2/2c/Kantha_%28Quilt%29_LACMA_AC1994.131.1.jpg","","","Recipient of the Shilp Guru award, 2018. Years of practice not publicly documented.","2026-08-26 18:59:08","2026-09-06 17:49:11","22.986800","87.855000"
64,"velayudham-sreenvasulu-reddy-2019","","Kalamkari Painting by Velayudham Sreenvasulu Reddy","Velayudham Sreenvasulu Reddy","Kalamkari Hand Painting","Andhra Pradesh","Andhra Pradesh",0,"Recipient of the Shilp Guru award (2019), India's highest handicraft honour, conferred by the Government of India for outstanding mastery of Kalamkari Hand Painting.","/placeholder-artisan.jpg","https://upload.wikimedia.org/wikipedia/commons/5/54/Kalamkari_Painting.JPG","","","Recipient of the Shilp Guru award, 2019. Years of practice not publicly documented.","2026-08-26 18:59:09","2026-09-06 17:49:12","15.912900","79.740000"
65,"suman-sonthalia-2019","","Warli Art by Suman Sonthalia","Suman Sonthalia","Warli Art","Delhi","Delhi",0,"Recipient of the Shilp Guru award (2019), India's highest handicraft honour, conferred by the Government of India for outstanding mastery of Warli Art.","/placeholder-artisan.jpg","https://upload.wikimedia.org/wikipedia/commons/3/34/Warli-art-2.jpg","","","Recipient of the Shilp Guru award, 2019. Years of practice not publicly documented.","2026-08-26 18:59:09","2026-09-06 17:49:12","28.704100","77.102500"
66,"chitara-chandrakant-bhulabhai-2019","","Mata Ni Pachedi by Chitara Chandrakant Bhulabhai","Chitara Chandrakant Bhulabhai","Mata Ni Pachedi Kalamkari","Gujarat","Gujarat",0,"Recipient of the Shilp Guru award (2019), India's highest handicraft honour, conferred by the Government of India for outstanding mastery of Mata Ni Pachedi Kalamkari.","/placeholder-artisan.jpg","/placeholder-cover.jpg","","","Recipient of the Shilp Guru award, 2019. Years of practice not publicly documented.","2026-08-26 18:59:10","2026-09-06 17:49:13","22.258700","71.192400"
67,"iqbal-hussain-khan-2019","","Papier-Mache by Iqbal Hussain Khan","Iqbal Hussain Khan","Papier-mache","Jammu & Kashmir","Jammu & Kashmir",0,"Recipient of the Shilp Guru award (2019), India's highest handicraft honour, conferred by the Government of India for outstanding mastery of Papier-mache craft.","/placeholder-artisan.jpg","https://upload.wikimedia.org/wikipedia/commons/d/d8/Pen_Box_%28qalamdan%29_LACMA_M.89.160a-b.jpg","","","Recipient of the Shilp Guru award, 2019. Years of practice not publicly documented.","2026-08-26 18:59:10","2026-09-06 17:49:13","33.778200","76.576200"
68,"m-ramamurthy-2019","","Wood Carving by M. Ramamurthy","M. Ramamurthy","Wood Carving","Karnataka","Karnataka",0,"Recipient of the Shilp Guru award (2019), India's highest handicraft honour, conferred by the Government of India for outstanding mastery of Wood Carving.","/placeholder-artisan.jpg","https://upload.wikimedia.org/wikipedia/commons/2/2e/Thazhathangadi_juma_masjid_Kottayam_Kerala_south_india.jpg","","","Recipient of the Shilp Guru award, 2019. Years of practice not publicly documented.","2026-08-26 18:59:11","2026-09-06 17:49:14","15.317300","75.713900"
69,"mohan-lal-sharma-2019","","Tarkashi Wood Inlay by Mohan Lal Sharma","Mohan Lal Sharma","Brass Wire Inlay on Sheeshem Wood Tarkashi","Rajasthan","Rajasthan",0,"Recipient of the Shilp Guru award (2019), India's highest handicraft honour, conferred by the Government of India for outstanding mastery of Brass Wire Inlay on Sheesham Wood (Tarkashi).","/placeholder-artisan.jpg","/placeholder-cover.jpg","","","Recipient of the Shilp Guru award, 2019. Years of practice not publicly documented.","2026-08-26 18:59:11","2026-09-06 17:49:14","27.023800","74.217900"
70,"asharam-meghawal-2019","","Miniature Painting by Asharam Meghawal","Asharam Meghawal","Miniature Painting","Rajasthan","Rajasthan",0,"Recipient of the Shilp Guru award (2019), India's highest handicraft honour, conferred by the Government of India for outstanding mastery of Miniature Painting.","/placeholder-artisan.jpg","https://upload.wikimedia.org/wikipedia/commons/d/dc/Rajasthani_Miniature_painting.jpg","","","Recipient of the Shilp Guru award, 2019. Years of practice not publicly documented.","2026-08-26 18:59:13","2026-09-06 17:49:15","27.023800","74.217900"
71,"v-panneer-selvam-2019","","Tanjore Painting by V. Panneer Selvam","V. Panneer Selvam","Tanjore Painting","Thanjavur","Tamil Nadu",0,"Recipient of the Shilp Guru award (2019), India's highest handicraft honour, conferred by the Government of India for outstanding mastery of Tanjore Painting.","/placeholder-artisan.jpg","https://upload.wikimedia.org/wikipedia/commons/c/ca/Gajalakshmi_in_Tanjore_Painting.png","","","Recipient of the Shilp Guru award, 2019. Years of practice not publicly documented.","2026-08-26 18:59:15","2026-09-06 17:49:15","11.127100","78.656900"
72,"chiranji-lal-yadav-2019","","Brass Engraving by Chiranji Lal Yadav","Chiranji Lal Yadav","Brass Engraving","Moradabad","Uttar Pradesh",0,"Recipient of the Shilp Guru award (2019), India's highest handicraft honour, conferred by the Government of India for outstanding mastery of Brass Engraving.","/placeholder-artisan.jpg","/placeholder-cover.jpg","","","Recipient of the Shilp Guru award, 2019. Years of practice not publicly documented.","2026-08-26 18:59:16","2026-09-06 17:49:16","26.846700","80.946200"
73,"naseem-bano-2019","","Chikankari by Naseem Bano","Naseem Bano","Chikan Hand Embroidery","Lucknow","Uttar Pradesh",0,"Recipient of the Shilp Guru award (2019), India's highest handicraft honour, conferred by the Government of India for outstanding mastery of Lucknow Chikan Hand Embroidery.","/placeholder-artisan.jpg","/placeholder-cover.jpg","","","Recipient of the Shilp Guru award, 2019. Years of practice not publicly documented.","2026-08-26 18:59:17","2026-09-06 17:49:16","26.846700","80.946200"
74,"demo-artisan-1","","Saanvi Kulkarni's Studio","Saanvi Kulkarni","Craft practice","India","",0,"A living craft practice, shared directly with travellers.","/manus-storage/mysore-silk-loom_4b1db1d7.jpg","/manus-storage/mysuru-heritage-pavilion_6c4424ad.jpg","","","Experience details will appear here when published.","2026-08-26 20:08:02","2026-08-26 20:08:02","",""
